review_index,old_relative_path,old_sha256,old_format,archive_decision,archive_folder,sequence_in_destination,new_filename,new_relative_path,action,destination_exists,fb_selected,photo_selected,reason
1,IMG_3871.JPG,065d7b521faf28495197dbe816e0752b62d211fd31fd72cc8f8f747a4c721f31,JPEG,保留,01_260712_D1_抵達_博多,1,260712_D1_IMG3871_福岡機場_抵達同行_0001.JPG,01_260712_D1_抵達_博多/260712_D1_IMG3871_福岡機場_抵達同行_0001.JPG,move_and_rename,no,否,否,依 D1 日期／行程分類，保留原始 IMG 編號以便回溯
2,IMG_3872.JPG,a3e3ea4fa2ac8e0b44aa6f701927ce18390e8a6732d925e170c00f57cacb9ee2,JPEG,保留,01_260712_D1_抵達_博多,2,260712_D1_IMG3872_福岡機場_抵達同行_0002.JPG,01_260712_D1_抵達_博多/260712_D1_IMG3872_福岡機場_抵達同行_0002.JPG,move_and_rename,no,否,否,依 D1 日期／行程分類，保留原始 IMG 編號以便回溯
3,IMG_3873.JPG,0e2a0e47ddb7ebcc25a79ae0f7ddc0a3e3d06e12932769b625728f5a61d3a122,JPEG,保留,01_260712_D1_抵達_博多,3,260712_D1_IMG3873_福岡機場_抵達同行_0003.JPG,01_260712_D1_抵達_博多/260712_D1_IMG3873_福岡機場_抵達同行_0003.JPG,move_and_rename,no,否,否,依 D1 日期／行程分類，保留原始 IMG 編號以便回溯
4,IMG_3874.JPG,2e9a1ef6665277735f734dd70f01b11ed4a375cad72aa206b883f612238d8701,JPEG,保留,01_260712_D1_抵達_博多,4,260712_D1_IMG3874_福岡機場_抵達同行_0004.JPG,01_260712_D1_抵達_博多/260712_D1_IMG3874_福岡機場_抵達同行_0004.JPG,move_and_rename,no,否,否,依 D1 日期／行程分類，保留原始 IMG 編號以便回溯
5,IMG_3875.JPG,c921d0fd0e32581ee258b4c17fcd4634b0e9191ad8d435166a798579ce31b5d9,JPEG,保留,01_260712_D1_抵達_博多,5,260712_D1_IMG3875_福岡機場_抵達同行_0005.JPG,01_260712_D1_抵達_博多/260712_D1_IMG3875_福岡機場_抵達同行_0005.JPG,move_and_rename,no,否,否,依 D1 日期／行程分類，保留原始 IMG 編號以便回溯
6,IMG_3876.JPG,2de1bf75b6c9b03e899b056dace884ede35243e8dc2ae4af1eb9927ccfb3a355,JPEG,保留,01_260712_D1_抵達_博多,6,260712_D1_IMG3876_福岡機場_抵達同行_0006.JPG,01_260712_D1_抵達_博多/260712_D1_IMG3876_福岡機場_抵達同行_0006.JPG,move_and_rename,no,是,否,依 D1 日期／行程分類，保留原始 IMG 編號以便回溯
7,IMG_3877.JPG,610f7ef4644b77de1cb9fe8c13a5917d33767bac3d624a10e6595c88964a1aa7,JPEG,保留,01_260712_D1_抵達_博多,7,260712_D1_IMG3877_福岡機場_抵達同行_0007.JPG,01_260712_D1_抵達_博多/260712_D1_IMG3877_福岡機場_抵達同行_0007.JPG,move_and_rename,no,否,否,依 D1 日期／行程分類，保留原始 IMG 編號以便回溯
8,IMG_3878.JPG,ecf9f96c8d5f2122d0746e0772c31c21ea251b06447a2e209bd897ace8bd8864,JPEG,保留,01_260712_D1_抵達_博多,8,260712_D1_IMG3878_福岡機場_抵達同行_0008.JPG,01_260712_D1_抵達_博多/260712_D1_IMG3878_福岡機場_抵達同行_0008.JPG,move_and_rename,no,是,否,依 D1 日期／行程分類，保留原始 IMG 編號以便回溯
9,IMG_3881.JPG,e38159da0351efa1e61afd439e8674eb23e5e671452d75c70d1a98cd1c61250a,JPEG,保留,01_260712_D1_抵達_博多,9,260712_D1_IMG3881_福岡機場_抵達同行_0009.JPG,01_260712_D1_抵達_博多/260712_D1_IMG3881_福岡機場_抵達同行_0009.JPG,move_and_rename,no,否,否,依 D1 日期／行程分類，保留原始 IMG 編號以便回溯
10,IMG_3882.JPG,8fafe4f2b667bbc27c832f5513abcd716fbdf39df9c4d67d5fc86f4d49d598b4,JPEG,保留,01_260712_D1_抵達_博多,10,260712_D1_IMG3882_福岡機場_抵達同行_0010.JPG,01_260712_D1_抵達_博多/260712_D1_IMG3882_福岡機場_抵達同行_0010.JPG,move_and_rename,no,否,否,依 D1 日期／行程分類，保留原始 IMG 編號以便回溯
11,IMG_3883.JPG,e3d0d6372f4fe5d9e5a93b4b5a3812792634af50839cca448031054a48fb3ccb,JPEG,保留,01_260712_D1_抵達_博多,11,260712_D1_IMG3883_福岡機場_抵達同行_0011.JPG,01_260712_D1_抵達_博多/260712_D1_IMG3883_福岡機場_抵達同行_0011.JPG,move_and_rename,no,否,否,依 D1 日期／行程分類，保留原始 IMG 編號以便回溯
12,IMG_3884.JPG,b7d05a53c15ae369fa5b832e6c62a6374755e20005fbf02240356fd7b3d93bf9,JPEG,保留,01_260712_D1_抵達_博多,12,260712_D1_IMG3884_福岡機場_抵達同行_0012.JPG,01_260712_D1_抵達_博多/260712_D1_IMG3884_福岡機場_抵達同行_0012.JPG,move_and_rename,no,是,否,依 D1 日期／行程分類，保留原始 IMG 編號以便回溯
13,IMG_3885.JPG,04159d0402a9700372a4be417a2a081dd1d516fa4f3437d77d1a79b4cbd4c405,JPEG,保留,01_260712_D1_抵達_博多,13,260712_D1_IMG3885_福岡機場_抵達同行_0013.JPG,01_260712_D1_抵達_博多/260712_D1_IMG3885_福岡機場_抵達同行_0013.JPG,move_and_rename,no,否,否,依 D1 日期／行程分類，保留原始 IMG 編號以便回溯
14,IMG_3886.JPG,265513f935a0621bcd359cd3e804b55123ec0cc372653f73dd2f07692d3c4a98,JPEG,保留,01_260712_D1_抵達_博多,14,260712_D1_IMG3886_福岡機場_抵達同行_0014.JPG,01_260712_D1_抵達_博多/260712_D1_IMG3886_福岡機場_抵達同行_0014.JPG,move_and_rename,no,否,否,依 D1 日期／行程分類，保留原始 IMG 編號以便回溯
15,IMG_3887.JPG,25a81521473f645ebdd53438665cea04206ded507eb8b575097ca22c5e8652dc,JPEG,保留,01_260712_D1_抵達_博多,15,260712_D1_IMG3887_福岡機場_抵達同行_0015.JPG,01_260712_D1_抵達_博多/260712_D1_IMG3887_福岡機場_抵達同行_0015.JPG,move_and_rename,no,否,否,依 D1 日期／行程分類，保留原始 IMG 編號以便回溯
16,IMG_3888.JPG,dc4e05736a911b996e4281227c555b3d31778b6059f4f201b14b642ac2fde4c0,JPEG,保留,01_260712_D1_抵達_博多,16,260712_D1_IMG3888_福岡機場_抵達同行_0016.JPG,01_260712_D1_抵達_博多/260712_D1_IMG3888_福岡機場_抵達同行_0016.JPG,move_and_rename,no,否,否,依 D1 日期／行程分類，保留原始 IMG 編號以便回溯
17,IMG_3889.JPG,01b64fa47037c1684caa4a0b17253793c3514efba162d49590a5ef56fc31d581,JPEG,保留,01_260712_D1_抵達_博多,17,260712_D1_IMG3889_福岡機場_抵達同行_0017.JPG,01_260712_D1_抵達_博多/260712_D1_IMG3889_福岡機場_抵達同行_0017.JPG,move_and_rename,no,是,是,依 D1 日期／行程分類，保留原始 IMG 編號以便回溯
18,IMG_3890.JPG,def369c94c3d5b6bfcc04f952f7b0952ad4a414be15daec0031d866d16d21c03,JPEG,保留,01_260712_D1_抵達_博多,18,260712_D1_IMG3890_福岡機場_抵達同行_0018.JPG,01_260712_D1_抵達_博多/260712_D1_IMG3890_福岡機場_抵達同行_0018.JPG,move_and_rename,no,是,否,依 D1 日期／行程分類，保留原始 IMG 編號以便回溯
19,IMG_3891.JPG,cefbef5bf63015b15d9b6a6a5049f8041c5e30011ca1ac56198cfe96f17bcb6c,JPEG,保留,01_260712_D1_抵達_博多,19,260712_D1_IMG3891_福岡機場_抵達同行_0019.JPG,01_260712_D1_抵達_博多/260712_D1_IMG3891_福岡機場_抵達同行_0019.JPG,move_and_rename,no,否,否,依 D1 日期／行程分類，保留原始 IMG 編號以便回溯
20,IMG_3892.JPG,e0455a849722dcfbe780f7bb47d69e625d5febe4d1e0d11fa47c90b7e227ca3c,JPEG,保留,01_260712_D1_抵達_博多,20,260712_D1_IMG3892_福岡機場_抵達同行_0020.JPG,01_260712_D1_抵達_博多/260712_D1_IMG3892_福岡機場_抵達同行_0020.JPG,move_and_rename,no,是,否,依 D1 日期／行程分類，保留原始 IMG 編號以便回溯
21,IMG_3893.JPG,ab2aace5aa122dfb51e69819a40fb48cdb586d7102fb4f84400c1fe808cbecc1,JPEG,保留,01_260712_D1_抵達_博多,1,260712_D1_IMG3893_博多住宿_訂房資訊_0001.JPG,01_260712_D1_抵達_博多/260712_D1_IMG3893_博多住宿_訂房資訊_0001.JPG,move_and_rename,no,是,否,依 D1 日期／行程分類，保留原始 IMG 編號以便回溯
22,IMG_3894.JPG,a2a831e7fd12e44243d6b7050a1a199c480bc2d7f6b498890627188d2ae0ec34,JPEG,保留,01_260712_D1_抵達_博多,2,260712_D1_IMG3894_博多住宿_訂房資訊_0002.JPG,01_260712_D1_抵達_博多/260712_D1_IMG3894_博多住宿_訂房資訊_0002.JPG,move_and_rename,no,否,否,依 D1 日期／行程分類，保留原始 IMG 編號以便回溯
23,IMG_3895.JPG,72806d7e9729842895e0eb410ffdae174ad3a167940c9ad9958448d64b012075,JPEG,保留,01_260712_D1_抵達_博多,3,260712_D1_IMG3895_博多住宿_訂房資訊_0003.JPG,01_260712_D1_抵達_博多/260712_D1_IMG3895_博多住宿_訂房資訊_0003.JPG,move_and_rename,no,否,否,依 D1 日期／行程分類，保留原始 IMG 編號以便回溯
24,IMG_3896.JPG,a07ee46e274504973a133ee839c9da670594418bee4a62fd13b59fb5b6f57794,JPEG,保留,01_260712_D1_抵達_博多,4,260712_D1_IMG3896_博多住宿_訂房資訊_0004.JPG,01_260712_D1_抵達_博多/260712_D1_IMG3896_博多住宿_訂房資訊_0004.JPG,move_and_rename,no,是,否,依 D1 日期／行程分類，保留原始 IMG 編號以便回溯
25,IMG_3897.JPG,71a43559b4dfc476b8fd041f5c99dae8eeff42a94d5891c4145d69a2ff6813f7,JPEG,保留,01_260712_D1_抵達_博多,5,260712_D1_IMG3897_博多住宿_訂房資訊_0005.JPG,01_260712_D1_抵達_博多/260712_D1_IMG3897_博多住宿_訂房資訊_0005.JPG,move_and_rename,no,是,否,依 D1 日期／行程分類，保留原始 IMG 編號以便回溯
26,IMG_3898.JPG,8ccdd559fd2759f4f57e733568e6512ec1fd38be9910621b6de2813be5721f29,JPEG,保留,01_260712_D1_抵達_博多,6,260712_D1_IMG3898_博多住宿_訂房資訊_0006.JPG,01_260712_D1_抵達_博多/260712_D1_IMG3898_博多住宿_訂房資訊_0006.JPG,move_and_rename,no,否,否,依 D1 日期／行程分類，保留原始 IMG 編號以便回溯
27,IMG_3899.JPG,64076f41e15666c0108be2cb86bd66e92fea9b4be2af61b20f091bc060afbf93,JPEG,保留,01_260712_D1_抵達_博多,7,260712_D1_IMG3899_博多住宿_訂房資訊_0007.JPG,01_260712_D1_抵達_博多/260712_D1_IMG3899_博多住宿_訂房資訊_0007.JPG,move_and_rename,no,否,否,依 D1 日期／行程分類，保留原始 IMG 編號以便回溯
28,IMG_3900.JPG,c28b630bc3a8ed7fb67cc41a596842a727fcdf9c0e3c795ee592af514e94960a,JPEG,保留,01_260712_D1_抵達_博多,8,260712_D1_IMG3900_博多住宿_訂房資訊_0008.JPG,01_260712_D1_抵達_博多/260712_D1_IMG3900_博多住宿_訂房資訊_0008.JPG,move_and_rename,no,否,否,依 D1 日期／行程分類，保留原始 IMG 編號以便回溯
29,IMG_3901.JPG,189fe73c3f532d4e561dc14c11f2e540410f84183497b766558493cfb88c1e72,JPEG,淘汰候選,_審核後刪除,1,260712_D1_IMG3901_淘汰_待審核_0001.JPG,_審核後刪除/260712_D1_IMG3901_淘汰_待審核_0001.JPG,move_to_review,no,否,否,僅移入既有 _審核後刪除；保留可回復性，不永久刪除
30,IMG_3902.JPG,335b7d7da01961c92c661a3c83a679e2674c949d583743b49945d2d133cf97ca,JPEG,淘汰候選,_審核後刪除,2,260712_D1_IMG3902_淘汰_待審核_0002.JPG,_審核後刪除/260712_D1_IMG3902_淘汰_待審核_0002.JPG,move_to_review,no,否,否,僅移入既有 _審核後刪除；保留可回復性，不永久刪除
31,IMG_3903.JPG,65433231901ddee9cc7313b948e2dd64b46d88e0e1e922841b0ed3fe3f01bd18,JPEG,淘汰候選,_審核後刪除,3,260712_D1_IMG3903_淘汰_待審核_0003.JPG,_審核後刪除/260712_D1_IMG3903_淘汰_待審核_0003.JPG,move_to_review,no,否,否,僅移入既有 _審核後刪除；保留可回復性，不永久刪除
32,IMG_3904.JPG,fa2a8cc02797f78223c002550082dcf07205d83aaee75f31dd6eb1a7d2a54c3e,JPEG,淘汰候選,_審核後刪除,4,260712_D1_IMG3904_淘汰_待審核_0004.JPG,_審核後刪除/260712_D1_IMG3904_淘汰_待審核_0004.JPG,move_to_review,no,否,否,僅移入既有 _審核後刪除；保留可回復性，不永久刪除
33,IMG_3905.JPG,d7736b71b3866249cf2b5b726aef3f4f3e4619870b1843ac8fa7bd71cfa81f38,JPEG,淘汰候選,_審核後刪除,5,260712_D1_IMG3905_淘汰_待審核_0005.JPG,_審核後刪除/260712_D1_IMG3905_淘汰_待審核_0005.JPG,move_to_review,no,否,否,僅移入既有 _審核後刪除；保留可回復性，不永久刪除
34,IMG_3906.JPG,770b1b9ae33631e981ebd8ad3cf1aa13be58c65a28022ca2aa3935f05024921f,JPEG,淘汰候選,_審核後刪除,6,260712_D1_IMG3906_淘汰_待審核_0006.JPG,_審核後刪除/260712_D1_IMG3906_淘汰_待審核_0006.JPG,move_to_review,no,否,否,僅移入既有 _審核後刪除；保留可回復性，不永久刪除
35,IMG_3907.JPG,7a445fdbd98f2e1a39c029e8eb88bb6112549720ee4df274fff8edc46a54b7f9,JPEG,淘汰候選,_審核後刪除,7,260712_D1_IMG3907_淘汰_待審核_0007.JPG,_審核後刪除/260712_D1_IMG3907_淘汰_待審核_0007.JPG,move_to_review,no,否,否,僅移入既有 _審核後刪除；保留可回復性，不永久刪除
36,IMG_3908.JPG,bad78df4e5a346f5563f371f463869dfa39c1fc79a9377809eb0b0a3867807bf,JPEG,淘汰候選,_審核後刪除,8,260712_D1_IMG3908_淘汰_待審核_0008.JPG,_審核後刪除/260712_D1_IMG3908_淘汰_待審核_0008.JPG,move_to_review,no,否,否,僅移入既有 _審核後刪除；保留可回復性，不永久刪除
37,IMG_3909.JPG,9dcce56e27a1a3daa1474015169f45fefc17a398a2e4999186e1ffdf0e230b0f,JPEG,保留,01_260712_D1_抵達_博多,1,260712_D1_IMG3909_博多_商場食品_0001.JPG,01_260712_D1_抵達_博多/260712_D1_IMG3909_博多_商場食品_0001.JPG,move_and_rename,no,是,否,依 D1 日期／行程分類，保留原始 IMG 編號以便回溯
38,IMG_3910.JPG,6db21052bb4f79b42f414f9f348e310efd57effba036357afd56987ab0c7e97a,JPEG,保留,01_260712_D1_抵達_博多,2,260712_D1_IMG3910_博多_商場食品_0002.JPG,01_260712_D1_抵達_博多/260712_D1_IMG3910_博多_商場食品_0002.JPG,move_and_rename,no,是,否,依 D1 日期／行程分類，保留原始 IMG 編號以便回溯
39,IMG_3911.JPG,2dccb9080986522d2772ae3f767dbec6158bee6a338e513b9a54984ca1ece332,JPEG,保留,01_260712_D1_抵達_博多,3,260712_D1_IMG3911_博多_商場食品_0003.JPG,01_260712_D1_抵達_博多/260712_D1_IMG3911_博多_商場食品_0003.JPG,move_and_rename,no,否,否,依 D1 日期／行程分類，保留原始 IMG 編號以便回溯
40,IMG_3912.JPG,e6523616e99f80a3665c003dde94af1f39116c35772b338968cc1f7f5ec8451b,JPEG,保留,01_260712_D1_抵達_博多,4,260712_D1_IMG3912_博多_商場食品_0004.JPG,01_260712_D1_抵達_博多/260712_D1_IMG3912_博多_商場食品_0004.JPG,move_and_rename,no,否,否,依 D1 日期／行程分類，保留原始 IMG 編號以便回溯
41,IMG_3913.JPG,7f57456b3267d47502ba68a94c1cb8323991934e763e827ac92c064556f11ab7,JPEG,保留,01_260712_D1_抵達_博多,5,260712_D1_IMG3913_博多_商場食品_0005.JPG,01_260712_D1_抵達_博多/260712_D1_IMG3913_博多_商場食品_0005.JPG,move_and_rename,no,否,否,依 D1 日期／行程分類，保留原始 IMG 編號以便回溯
42,IMG_3914.JPG,62754bce5dae8fdebec3dd1f42d6bc734d6144fa721e4e3133f84c4ff99ee4a2,JPEG,保留,01_260712_D1_抵達_博多,6,260712_D1_IMG3914_博多_商場食品_0006.JPG,01_260712_D1_抵達_博多/260712_D1_IMG3914_博多_商場食品_0006.JPG,move_and_rename,no,否,否,依 D1 日期／行程分類，保留原始 IMG 編號以便回溯
43,IMG_3915.JPG,b20871cb66bf79905587e42ffec6cb61544b35553b99702b3e29ccb382f5df4f,JPEG,保留,01_260712_D1_抵達_博多,7,260712_D1_IMG3915_博多_商場食品_0007.JPG,01_260712_D1_抵達_博多/260712_D1_IMG3915_博多_商場食品_0007.JPG,move_and_rename,no,是,否,依 D1 日期／行程分類，保留原始 IMG 編號以便回溯
44,IMG_3916.JPG,5bbe83746ed1ba0f11daa42c80daabd56aa7cc8096cd97cffbdfc5d8eeb0bcb0,JPEG,保留,01_260712_D1_抵達_博多,8,260712_D1_IMG3916_博多_商場食品_0008.JPG,01_260712_D1_抵達_博多/260712_D1_IMG3916_博多_商場食品_0008.JPG,move_and_rename,no,否,否,依 D1 日期／行程分類，保留原始 IMG 編號以便回溯
45,IMG_3917.JPG,5550fffafd5855194f776065a7d723d7d8dcd4ddd3aeb8af875ece9484632471,JPEG,保留,01_260712_D1_抵達_博多,9,260712_D1_IMG3917_博多_商場食品_0009.JPG,01_260712_D1_抵達_博多/260712_D1_IMG3917_博多_商場食品_0009.JPG,move_and_rename,no,否,否,依 D1 日期／行程分類，保留原始 IMG 編號以便回溯
46,IMG_3918.JPG,af63a7a2de0043824be48d2b758561342ed60650f1fd6b355339a6078ffe3075,JPEG,保留,01_260712_D1_抵達_博多,10,260712_D1_IMG3918_博多_商場食品_0010.JPG,01_260712_D1_抵達_博多/260712_D1_IMG3918_博多_商場食品_0010.JPG,move_and_rename,no,是,否,依 D1 日期／行程分類，保留原始 IMG 編號以便回溯
47,IMG_3919.JPG,023546f6f2d16a429741410c7738b992802e21ce436e34eba805271d7e7488be,JPEG,保留,01_260712_D1_抵達_博多,11,260712_D1_IMG3919_博多_商場食品_0011.JPG,01_260712_D1_抵達_博多/260712_D1_IMG3919_博多_商場食品_0011.JPG,move_and_rename,no,否,否,依 D1 日期／行程分類，保留原始 IMG 編號以便回溯
48,IMG_3920.JPG,575a77fd7a834787a6fedb0d893667fd96b710d4112356b32a60f0e8a3483967,JPEG,保留,01_260712_D1_抵達_博多,12,260712_D1_IMG3920_博多_商場食品_0012.JPG,01_260712_D1_抵達_博多/260712_D1_IMG3920_博多_商場食品_0012.JPG,move_and_rename,no,是,否,依 D1 日期／行程分類，保留原始 IMG 編號以便回溯
49,IMG_3921.JPG,3df7e1ecbc1d866359c08f2aa0fc65860dfc61d7fd766e712bc13fbe955c3e52,JPEG,保留,01_260712_D1_抵達_博多,13,260712_D1_IMG3921_博多_商場食品_0013.JPG,01_260712_D1_抵達_博多/260712_D1_IMG3921_博多_商場食品_0013.JPG,move_and_rename,no,否,否,依 D1 日期／行程分類，保留原始 IMG 編號以便回溯
50,IMG_3922.JPG,1234b4de3d60410c1014ad1a7f9b41933916417368400b74aecea39302142e8a,JPEG,保留,01_260712_D1_抵達_博多,14,260712_D1_IMG3922_博多_商場食品_0014.JPG,01_260712_D1_抵達_博多/260712_D1_IMG3922_博多_商場食品_0014.JPG,move_and_rename,no,否,否,依 D1 日期／行程分類，保留原始 IMG 編號以便回溯
51,IMG_3923.JPG,132a5d1db4021ea6081460f147a20653f426a4dd6505588835db3a3a1c3ecd4f,JPEG,保留,02_260713_D2_太宰府_天滿宮,1,260713_D2_IMG3923_太宰府_車站表參道_0001.JPG,02_260713_D2_太宰府_天滿宮/260713_D2_IMG3923_太宰府_車站表參道_0001.JPG,move_and_rename,no,否,否,依 D2 日期／行程分類，保留原始 IMG 編號以便回溯
52,IMG_3924.JPG,33f187eed9ddc5e0b7037a7834b3110cac9344edb1ae253f2dc5e742948e73c7,JPEG,保留,02_260713_D2_太宰府_天滿宮,2,260713_D2_IMG3924_太宰府_車站表參道_0002.JPG,02_260713_D2_太宰府_天滿宮/260713_D2_IMG3924_太宰府_車站表參道_0002.JPG,move_and_rename,no,否,否,依 D2 日期／行程分類，保留原始 IMG 編號以便回溯
53,IMG_3925.JPG,a9f6ffef61fd134bc5abae80b862d5defee5556e805b3c01eb23449b5abf31d0,JPEG,保留,02_260713_D2_太宰府_天滿宮,3,260713_D2_IMG3925_太宰府_車站表參道_0003.JPG,02_260713_D2_太宰府_天滿宮/260713_D2_IMG3925_太宰府_車站表參道_0003.JPG,move_and_rename,no,否,否,依 D2 日期／行程分類，保留原始 IMG 編號以便回溯
54,IMG_3926.JPG,816ffbc57905064e7250c0a021810af4e33c14860875eada574d66657c85b4d3,JPEG,保留,02_260713_D2_太宰府_天滿宮,4,260713_D2_IMG3926_太宰府_車站表參道_0004.JPG,02_260713_D2_太宰府_天滿宮/260713_D2_IMG3926_太宰府_車站表參道_0004.JPG,move_and_rename,no,是,否,依 D2 日期／行程分類，保留原始 IMG 編號以便回溯
55,IMG_3927.JPG,0d5852a5d60e179ad89ef483a970980860a549dc4e93fb4385def5d7d0327b3f,JPEG,保留,02_260713_D2_太宰府_天滿宮,5,260713_D2_IMG3927_太宰府_車站表參道_0005.JPG,02_260713_D2_太宰府_天滿宮/260713_D2_IMG3927_太宰府_車站表參道_0005.JPG,move_and_rename,no,否,否,依 D2 日期／行程分類，保留原始 IMG 編號以便回溯
56,IMG_3928.JPG,c472c68dfd574e1c5480577345aee13838cd79b6adfc7c85003b95c9c7b4b669,JPEG,保留,02_260713_D2_太宰府_天滿宮,6,260713_D2_IMG3928_太宰府_車站表參道_0006.JPG,02_260713_D2_太宰府_天滿宮/260713_D2_IMG3928_太宰府_車站表參道_0006.JPG,move_and_rename,no,否,否,依 D2 日期／行程分類，保留原始 IMG 編號以便回溯
57,IMG_3929.JPG,a9aa5a68bd2ed8c9970f37c598d797077eb9e2e8542c22324faff60b82e7caf0,JPEG,保留,02_260713_D2_太宰府_天滿宮,7,260713_D2_IMG3929_太宰府_車站表參道_0007.JPG,02_260713_D2_太宰府_天滿宮/260713_D2_IMG3929_太宰府_車站表參道_0007.JPG,move_and_rename,no,否,否,依 D2 日期／行程分類，保留原始 IMG 編號以便回溯
58,IMG_3930.JPG,fc8545e29dcc31ce2cab76cbb0f3ac0fa91d7a9222d238343a089767bb13cc59,JPEG,保留,02_260713_D2_太宰府_天滿宮,8,260713_D2_IMG3930_太宰府_車站表參道_0008.JPG,02_260713_D2_太宰府_天滿宮/260713_D2_IMG3930_太宰府_車站表參道_0008.JPG,move_and_rename,no,是,否,依 D2 日期／行程分類，保留原始 IMG 編號以便回溯
59,IMG_3931.JPG,9a714e95c4f8f0fc177d6c65d432790debde5f49d678781ca7556f00086e1e2a,JPEG,保留,02_260713_D2_太宰府_天滿宮,9,260713_D2_IMG3931_太宰府_車站表參道_0009.JPG,02_260713_D2_太宰府_天滿宮/260713_D2_IMG3931_太宰府_車站表參道_0009.JPG,move_and_rename,no,否,否,依 D2 日期／行程分類，保留原始 IMG 編號以便回溯
60,IMG_3932.JPG,7f621353c0004132cf0eca6a2d45c3377cc145b441264dd7a63dc86c2ae24c82,JPEG,保留,02_260713_D2_太宰府_天滿宮,10,260713_D2_IMG3932_太宰府_車站表參道_0010.JPG,02_260713_D2_太宰府_天滿宮/260713_D2_IMG3932_太宰府_車站表參道_0010.JPG,move_and_rename,no,否,否,依 D2 日期／行程分類，保留原始 IMG 編號以便回溯
61,IMG_3933.JPG,4ebcb2f15485be285063b82b4dd92bf0060ca6cc0ddb4758921de38c7327ff07,JPEG,保留,02_260713_D2_太宰府_天滿宮,11,260713_D2_IMG3933_太宰府_車站表參道_0011.JPG,02_260713_D2_太宰府_天滿宮/260713_D2_IMG3933_太宰府_車站表參道_0011.JPG,move_and_rename,no,否,否,依 D2 日期／行程分類，保留原始 IMG 編號以便回溯
62,IMG_3934.JPG,da35e194453a5f5ac27fbcc20682ea96b4176e99a45e8ce3998db5166937e291,JPEG,保留,02_260713_D2_太宰府_天滿宮,12,260713_D2_IMG3934_太宰府_車站表參道_0012.JPG,02_260713_D2_太宰府_天滿宮/260713_D2_IMG3934_太宰府_車站表參道_0012.JPG,move_and_rename,no,是,是,依 D2 日期／行程分類，保留原始 IMG 編號以便回溯
63,IMG_3936.JPG,c8d86bd443dc8cad3dbec06e154c216a755423c98841b9979f8f811bf2ec0139,JPEG,保留,02_260713_D2_太宰府_天滿宮,13,260713_D2_IMG3936_太宰府_車站表參道_0013.JPG,02_260713_D2_太宰府_天滿宮/260713_D2_IMG3936_太宰府_車站表參道_0013.JPG,move_and_rename,no,否,否,依 D2 日期／行程分類，保留原始 IMG 編號以便回溯
64,IMG_3937.JPG,8dedcb89a141b92b7ebbecc84ae955c6f76ca1034a69376eb8be178fd0b48019,JPEG,保留,02_260713_D2_太宰府_天滿宮,14,260713_D2_IMG3937_太宰府_車站表參道_0014.JPG,02_260713_D2_太宰府_天滿宮/260713_D2_IMG3937_太宰府_車站表參道_0014.JPG,move_and_rename,no,否,否,依 D2 日期／行程分類，保留原始 IMG 編號以便回溯
65,IMG_3938.JPG,665f69e89223b3102719f034ebfeb6b496fd11b575b289ccaaf325f141ae01d9,JPEG,保留,02_260713_D2_太宰府_天滿宮,15,260713_D2_IMG3938_太宰府_車站表參道_0015.JPG,02_260713_D2_太宰府_天滿宮/260713_D2_IMG3938_太宰府_車站表參道_0015.JPG,move_and_rename,no,否,否,依 D2 日期／行程分類，保留原始 IMG 編號以便回溯
66,IMG_3939.JPG,3225e6939fc2654dd93f04e5e327b9c9251b349e337b40ae23ae45b2e79a2290,JPEG,保留,02_260713_D2_太宰府_天滿宮,16,260713_D2_IMG3939_太宰府_車站表參道_0016.JPG,02_260713_D2_太宰府_天滿宮/260713_D2_IMG3939_太宰府_車站表參道_0016.JPG,move_and_rename,no,否,否,依 D2 日期／行程分類，保留原始 IMG 編號以便回溯
67,IMG_3940.JPG,805db6e9f970984d3f08ec61a4f0a39e4ab9b2d6ca15cefffde63e96ff720420,JPEG,保留,02_260713_D2_太宰府_天滿宮,17,260713_D2_IMG3940_太宰府_車站表參道_0017.JPG,02_260713_D2_太宰府_天滿宮/260713_D2_IMG3940_太宰府_車站表參道_0017.JPG,move_and_rename,no,是,否,依 D2 日期／行程分類，保留原始 IMG 編號以便回溯
68,IMG_3941.JPG,13e00d7875ab7e250621356442b43428d8ad40439ecf1e064be6d3670faa02a3,JPEG,保留,02_260713_D2_太宰府_天滿宮,18,260713_D2_IMG3941_太宰府_車站表參道_0018.JPG,02_260713_D2_太宰府_天滿宮/260713_D2_IMG3941_太宰府_車站表參道_0018.JPG,move_and_rename,no,否,否,依 D2 日期／行程分類，保留原始 IMG 編號以便回溯
69,IMG_3942.JPG,f87f7ce4965e18c1cde3501454f68838b59d302d2f7e04d5f92f211dc3666eef,JPEG,保留,02_260713_D2_太宰府_天滿宮,19,260713_D2_IMG3942_太宰府_車站表參道_0019.JPG,02_260713_D2_太宰府_天滿宮/260713_D2_IMG3942_太宰府_車站表參道_0019.JPG,move_and_rename,no,否,否,依 D2 日期／行程分類，保留原始 IMG 編號以便回溯
70,IMG_3943.JPG,1eb5bb631976fe5ce0a4aa27cf6c223c1e10f0629f2730a17e5c45de41564936,JPEG,保留,02_260713_D2_太宰府_天滿宮,20,260713_D2_IMG3943_太宰府_車站表參道_0020.JPG,02_260713_D2_太宰府_天滿宮/260713_D2_IMG3943_太宰府_車站表參道_0020.JPG,move_and_rename,no,否,否,依 D2 日期／行程分類，保留原始 IMG 編號以便回溯
71,IMG_3944.JPG,43e23908764ebc127fdc32b71333521af9489ae4d2c9a22c535658c1331156c4,JPEG,保留,02_260713_D2_太宰府_天滿宮,21,260713_D2_IMG3944_太宰府_車站表參道_0021.JPG,02_260713_D2_太宰府_天滿宮/260713_D2_IMG3944_太宰府_車站表參道_0021.JPG,move_and_rename,no,否,否,依 D2 日期／行程分類，保留原始 IMG 編號以便回溯
72,IMG_3945.JPG,0ff86f16a3e08cf2cdafb274d5b5452874ebd1370482954d9cbee8153dbc5521,JPEG,保留,02_260713_D2_太宰府_天滿宮,22,260713_D2_IMG3945_太宰府_車站表參道_0022.JPG,02_260713_D2_太宰府_天滿宮/260713_D2_IMG3945_太宰府_車站表參道_0022.JPG,move_and_rename,no,是,否,依 D2 日期／行程分類，保留原始 IMG 編號以便回溯
73,IMG_3946.JPG,8a708b84ec61bca0bb23ca156376efa3c715e66551777bcda109f75095bd2755,JPEG,保留,02_260713_D2_太宰府_天滿宮,23,260713_D2_IMG3946_太宰府_車站表參道_0023.JPG,02_260713_D2_太宰府_天滿宮/260713_D2_IMG3946_太宰府_車站表參道_0023.JPG,move_and_rename,no,否,否,依 D2 日期／行程分類，保留原始 IMG 編號以便回溯
74,IMG_3947.JPG,ed08d2a06d1a98ddbb4cb3b6f40800aca4aef7786deceb7863e79e4826f8270e,JPEG,保留,02_260713_D2_太宰府_天滿宮,24,260713_D2_IMG3947_太宰府_車站表參道_0024.JPG,02_260713_D2_太宰府_天滿宮/260713_D2_IMG3947_太宰府_車站表參道_0024.JPG,move_and_rename,no,否,否,依 D2 日期／行程分類，保留原始 IMG 編號以便回溯
75,IMG_3948.JPG,da2de991b04217e7892f02077fa52f2203b59aaeabd0144f92c55d94ab7cc341,JPEG,保留,02_260713_D2_太宰府_天滿宮,25,260713_D2_IMG3948_太宰府_車站表參道_0025.JPG,02_260713_D2_太宰府_天滿宮/260713_D2_IMG3948_太宰府_車站表參道_0025.JPG,move_and_rename,no,否,否,依 D2 日期／行程分類，保留原始 IMG 編號以便回溯
76,IMG_3949.JPG,ab73e70e3d138f1f4ec397fa2e1fbd77e1491c7322873a2335cf3b72592e4d9f,JPEG,保留,02_260713_D2_太宰府_天滿宮,26,260713_D2_IMG3949_太宰府_車站表參道_0026.JPG,02_260713_D2_太宰府_天滿宮/260713_D2_IMG3949_太宰府_車站表參道_0026.JPG,move_and_rename,no,否,否,依 D2 日期／行程分類，保留原始 IMG 編號以便回溯
77,IMG_3950.JPG,48790fef69501ef5d7c38c4428d6152cba78471523d49182cdaede5fa9fbc9de,JPEG,保留,02_260713_D2_太宰府_天滿宮,27,260713_D2_IMG3950_太宰府_車站表參道_0027.JPG,02_260713_D2_太宰府_天滿宮/260713_D2_IMG3950_太宰府_車站表參道_0027.JPG,move_and_rename,no,否,否,依 D2 日期／行程分類，保留原始 IMG 編號以便回溯
78,IMG_3951.JPG,e9b2677b868fa8137b4bb112a9e8ea35d4adfc160e1c5deb239be531d6b46043,JPEG,保留,02_260713_D2_太宰府_天滿宮,28,260713_D2_IMG3951_太宰府_車站表參道_0028.JPG,02_260713_D2_太宰府_天滿宮/260713_D2_IMG3951_太宰府_車站表參道_0028.JPG,move_and_rename,no,否,否,依 D2 日期／行程分類，保留原始 IMG 編號以便回溯
79,IMG_3952.JPG,4dfa1a1f7b103dfbac4143cb6daa59334b48dacde77310c9811a35d4ba985704,JPEG,保留,02_260713_D2_太宰府_天滿宮,29,260713_D2_IMG3952_太宰府_車站表參道_0029.JPG,02_260713_D2_太宰府_天滿宮/260713_D2_IMG3952_太宰府_車站表參道_0029.JPG,move_and_rename,no,否,否,依 D2 日期／行程分類，保留原始 IMG 編號以便回溯
80,IMG_3953.JPG,d66f63c3d3f990d0b13b552feb1803bf0c2c287e461e24c384d5142c5dc636be,JPEG,保留,02_260713_D2_太宰府_天滿宮,30,260713_D2_IMG3953_太宰府_車站表參道_0030.JPG,02_260713_D2_太宰府_天滿宮/260713_D2_IMG3953_太宰府_車站表參道_0030.JPG,move_and_rename,no,否,否,依 D2 日期／行程分類，保留原始 IMG 編號以便回溯
81,IMG_3954.JPG,a471f809a513fcb17b4bd5f5ea0e503bb2c4285a5360af782ae588a1cb613ba8,JPEG,保留,02_260713_D2_太宰府_天滿宮,31,260713_D2_IMG3954_太宰府_車站表參道_0031.JPG,02_260713_D2_太宰府_天滿宮/260713_D2_IMG3954_太宰府_車站表參道_0031.JPG,move_and_rename,no,是,否,依 D2 日期／行程分類，保留原始 IMG 編號以便回溯
82,IMG_3955.JPG,a652b8807ea180ba9dce216ba8761e324f5391504bf12157504dda81d54e3ad7,JPEG,保留,02_260713_D2_太宰府_天滿宮,32,260713_D2_IMG3955_太宰府_車站表參道_0032.JPG,02_260713_D2_太宰府_天滿宮/260713_D2_IMG3955_太宰府_車站表參道_0032.JPG,move_and_rename,no,否,否,依 D2 日期／行程分類，保留原始 IMG 編號以便回溯
83,IMG_3956.JPG,74f6d7156a1363a618eff0140582518fafd7882ca24ea94d556fd26b66e22d27,JPEG,保留,02_260713_D2_太宰府_天滿宮,33,260713_D2_IMG3956_太宰府_車站表參道_0033.JPG,02_260713_D2_太宰府_天滿宮/260713_D2_IMG3956_太宰府_車站表參道_0033.JPG,move_and_rename,no,否,否,依 D2 日期／行程分類，保留原始 IMG 編號以便回溯
84,IMG_3957.JPG,06d8877550cff7891d51729813a2c885c0f2dc1dc1112b694ade4d2ca2a47592,JPEG,保留,02_260713_D2_太宰府_天滿宮,34,260713_D2_IMG3957_太宰府_車站表參道_0034.JPG,02_260713_D2_太宰府_天滿宮/260713_D2_IMG3957_太宰府_車站表參道_0034.JPG,move_and_rename,no,否,否,依 D2 日期／行程分類，保留原始 IMG 編號以便回溯
85,IMG_3958.JPG,662187d315d9b960775e79daa9283bda30d085eb5eba0814eae54e9cf1961c8b,JPEG,保留,02_260713_D2_太宰府_天滿宮,35,260713_D2_IMG3958_太宰府_車站表參道_0035.JPG,02_260713_D2_太宰府_天滿宮/260713_D2_IMG3958_太宰府_車站表參道_0035.JPG,move_and_rename,no,否,否,依 D2 日期／行程分類，保留原始 IMG 編號以便回溯
86,IMG_3959.JPG,033fd248876d99282c5556cb5239fe5d0a4bd95a9012c53c42f23b9f780dcbbf,JPEG,保留,02_260713_D2_太宰府_天滿宮,36,260713_D2_IMG3959_太宰府_車站表參道_0036.JPG,02_260713_D2_太宰府_天滿宮/260713_D2_IMG3959_太宰府_車站表參道_0036.JPG,move_and_rename,no,是,否,依 D2 日期／行程分類，保留原始 IMG 編號以便回溯
87,IMG_3960.JPG,e50e1d1446080bd853386e8d711f1a9dcd1bc434e99b596d816d4e799edbfba9,JPEG,保留,02_260713_D2_太宰府_天滿宮,37,260713_D2_IMG3960_太宰府_車站表參道_0037.JPG,02_260713_D2_太宰府_天滿宮/260713_D2_IMG3960_太宰府_車站表參道_0037.JPG,move_and_rename,no,否,否,依 D2 日期／行程分類，保留原始 IMG 編號以便回溯
88,IMG_3961.JPG,97243de2302175ff98e85e0c956e7098a20cacc4c26c9bbe0651b42e15531d1a,JPEG,保留,02_260713_D2_太宰府_天滿宮,38,260713_D2_IMG3961_太宰府_車站表參道_0038.JPG,02_260713_D2_太宰府_天滿宮/260713_D2_IMG3961_太宰府_車站表參道_0038.JPG,move_and_rename,no,否,否,依 D2 日期／行程分類，保留原始 IMG 編號以便回溯
89,IMG_3962.JPG,d221f2fb4c7684f70762562e9939142f642a5acac6a400a68f284fc979f0f3a4,JPEG,保留,02_260713_D2_太宰府_天滿宮,39,260713_D2_IMG3962_太宰府_車站表參道_0039.JPG,02_260713_D2_太宰府_天滿宮/260713_D2_IMG3962_太宰府_車站表參道_0039.JPG,move_and_rename,no,否,否,依 D2 日期／行程分類，保留原始 IMG 編號以便回溯
90,IMG_3963.JPG,c7b93180b4d1b2ba8ca2f4fcd44d5bc6486a42f87ae8fbb300cf1e0c04593ae2,JPEG,保留,02_260713_D2_太宰府_天滿宮,40,260713_D2_IMG3963_太宰府_車站表參道_0040.JPG,02_260713_D2_太宰府_天滿宮/260713_D2_IMG3963_太宰府_車站表參道_0040.JPG,move_and_rename,no,否,否,依 D2 日期／行程分類，保留原始 IMG 編號以便回溯
91,IMG_3964.JPG,f5660f6419954516d1901c3ca517d2c382c4dcf2e88fe8b5bcc976cc6c31a39b,JPEG,保留,02_260713_D2_太宰府_天滿宮,41,260713_D2_IMG3964_太宰府_車站表參道_0041.JPG,02_260713_D2_太宰府_天滿宮/260713_D2_IMG3964_太宰府_車站表參道_0041.JPG,move_and_rename,no,否,否,依 D2 日期／行程分類，保留原始 IMG 編號以便回溯
92,IMG_3966.JPG,c1e9ec8ecc457937b49fa4ace71adf7ec7325e9397fffe9788975328a35cf0a9,JPEG,保留,02_260713_D2_太宰府_天滿宮,42,260713_D2_IMG3966_太宰府_車站表參道_0042.JPG,02_260713_D2_太宰府_天滿宮/260713_D2_IMG3966_太宰府_車站表參道_0042.JPG,move_and_rename,no,否,否,依 D2 日期／行程分類，保留原始 IMG 編號以便回溯
93,IMG_3967.JPG,df14d5d5c167ff0761a43fce162431ed04e1127514168f5d67c6a7a0397cb5ad,JPEG,保留,02_260713_D2_太宰府_天滿宮,43,260713_D2_IMG3967_太宰府_車站表參道_0043.JPG,02_260713_D2_太宰府_天滿宮/260713_D2_IMG3967_太宰府_車站表參道_0043.JPG,move_and_rename,no,是,否,依 D2 日期／行程分類，保留原始 IMG 編號以便回溯
94,IMG_3968.JPG,94eb7a05c04575c100b93a2eccbdd50f64ff87c6d2111d76eb23e4e5afd8bb62,JPEG,保留,02_260713_D2_太宰府_天滿宮,44,260713_D2_IMG3968_太宰府_車站表參道_0044.JPG,02_260713_D2_太宰府_天滿宮/260713_D2_IMG3968_太宰府_車站表參道_0044.JPG,move_and_rename,no,否,否,依 D2 日期／行程分類，保留原始 IMG 編號以便回溯
95,IMG_3969.JPG,2013a6eb09dbf466c8684baaddff744f1baac26376594879f599d3433662bff2,JPEG,保留,02_260713_D2_太宰府_天滿宮,45,260713_D2_IMG3969_太宰府_車站表參道_0045.JPG,02_260713_D2_太宰府_天滿宮/260713_D2_IMG3969_太宰府_車站表參道_0045.JPG,move_and_rename,no,否,否,依 D2 日期／行程分類，保留原始 IMG 編號以便回溯
96,IMG_3970.JPG,7cd4efe8f443bcbe8e6262d799e905b9fb274e513f5ce2f102022a4c0fc4a3da,JPEG,保留,02_260713_D2_太宰府_天滿宮,46,260713_D2_IMG3970_太宰府_車站表參道_0046.JPG,02_260713_D2_太宰府_天滿宮/260713_D2_IMG3970_太宰府_車站表參道_0046.JPG,move_and_rename,no,否,否,依 D2 日期／行程分類，保留原始 IMG 編號以便回溯
97,IMG_3971.JPG,eb9b79dc0894c067a2178a4f21a895b0af215b00273d093d13edc97d928a3e8d,JPEG,保留,02_260713_D2_太宰府_天滿宮,47,260713_D2_IMG3971_太宰府_車站表參道_0047.JPG,02_260713_D2_太宰府_天滿宮/260713_D2_IMG3971_太宰府_車站表參道_0047.JPG,move_and_rename,no,否,否,依 D2 日期／行程分類，保留原始 IMG 編號以便回溯
98,IMG_3972.JPG,22dcf34422f87c35061d7f0fb864e13684703cdc110873bf28612d9e28a7970f,JPEG,保留,02_260713_D2_太宰府_天滿宮,48,260713_D2_IMG3972_太宰府_車站表參道_0048.JPG,02_260713_D2_太宰府_天滿宮/260713_D2_IMG3972_太宰府_車站表參道_0048.JPG,move_and_rename,no,否,否,依 D2 日期／行程分類，保留原始 IMG 編號以便回溯
99,IMG_3973.JPG,e9868049c1b32b1a7de9373a3ca3cb07e209c1f8acf68a8ac0b3517d3ab6a3f0,JPEG,保留,02_260713_D2_太宰府_天滿宮,49,260713_D2_IMG3973_太宰府_車站表參道_0049.JPG,02_260713_D2_太宰府_天滿宮/260713_D2_IMG3973_太宰府_車站表參道_0049.JPG,move_and_rename,no,否,否,依 D2 日期／行程分類，保留原始 IMG 編號以便回溯
100,IMG_3974.JPG,12ea831a39e7115632fee070febc9e8f67cde949a7ee5173a9d984c8a339c2fb,JPEG,保留,02_260713_D2_太宰府_天滿宮,50,260713_D2_IMG3974_太宰府_車站表參道_0050.JPG,02_260713_D2_太宰府_天滿宮/260713_D2_IMG3974_太宰府_車站表參道_0050.JPG,move_and_rename,no,否,否,依 D2 日期／行程分類，保留原始 IMG 編號以便回溯
101,IMG_3975.JPG,c2162f07165d758c30c87552ae9adff94844635c221a14af2979bdde715f0dbc,JPEG,保留,02_260713_D2_太宰府_天滿宮,1,260713_D2_IMG3975_太宰府_天滿宮鳥居_0001.JPG,02_260713_D2_太宰府_天滿宮/260713_D2_IMG3975_太宰府_天滿宮鳥居_0001.JPG,move_and_rename,no,否,否,依 D2 日期／行程分類，保留原始 IMG 編號以便回溯
102,IMG_3976.JPG,163a73946510e7b5dc0bfb6a5d8334c5d391cdcfa2e6c1f94721a62ea5a3b7d9,JPEG,保留,02_260713_D2_太宰府_天滿宮,2,260713_D2_IMG3976_太宰府_天滿宮鳥居_0002.JPG,02_260713_D2_太宰府_天滿宮/260713_D2_IMG3976_太宰府_天滿宮鳥居_0002.JPG,move_and_rename,no,否,否,依 D2 日期／行程分類，保留原始 IMG 編號以便回溯
103,IMG_3977.JPG,0db2a0debc6cca769c642e62752899b2e8ed894517f9e6aef683c825f10d6050,JPEG,保留,02_260713_D2_太宰府_天滿宮,3,260713_D2_IMG3977_太宰府_天滿宮鳥居_0003.JPG,02_260713_D2_太宰府_天滿宮/260713_D2_IMG3977_太宰府_天滿宮鳥居_0003.JPG,move_and_rename,no,否,否,依 D2 日期／行程分類，保留原始 IMG 編號以便回溯
104,IMG_3978.JPG,7ebfd328a15a8af8aec27ed2ec5d27555cf6deb1720ee1e87b4f95a3f78834cf,JPEG,保留,02_260713_D2_太宰府_天滿宮,4,260713_D2_IMG3978_太宰府_天滿宮鳥居_0004.JPG,02_260713_D2_太宰府_天滿宮/260713_D2_IMG3978_太宰府_天滿宮鳥居_0004.JPG,move_and_rename,no,否,否,依 D2 日期／行程分類，保留原始 IMG 編號以便回溯
105,IMG_3979.JPG,4e95537ee4806a0988fdc8e879adf41a5e24392ebbe3af4ba914f4eaf3ed711a,JPEG,保留,02_260713_D2_太宰府_天滿宮,5,260713_D2_IMG3979_太宰府_天滿宮鳥居_0005.JPG,02_260713_D2_太宰府_天滿宮/260713_D2_IMG3979_太宰府_天滿宮鳥居_0005.JPG,move_and_rename,no,否,否,依 D2 日期／行程分類，保留原始 IMG 編號以便回溯
106,IMG_3980.JPG,1d6e474928cb0e02f451b55c77a6a1fee95cd229cfbc54a3c20de6edc19af5d6,JPEG,保留,02_260713_D2_太宰府_天滿宮,6,260713_D2_IMG3980_太宰府_天滿宮鳥居_0006.JPG,02_260713_D2_太宰府_天滿宮/260713_D2_IMG3980_太宰府_天滿宮鳥居_0006.JPG,move_and_rename,no,否,否,依 D2 日期／行程分類，保留原始 IMG 編號以便回溯
107,IMG_3981.JPG,d6f94c0655325721300305e1eda60b43dfb17b31a8c8b23b4612a76c68b84400,JPEG,保留,02_260713_D2_太宰府_天滿宮,7,260713_D2_IMG3981_太宰府_天滿宮鳥居_0007.JPG,02_260713_D2_太宰府_天滿宮/260713_D2_IMG3981_太宰府_天滿宮鳥居_0007.JPG,move_and_rename,no,否,否,依 D2 日期／行程分類，保留原始 IMG 編號以便回溯
108,IMG_3982.JPG,f8cd96b42c56a80cff0805a957b38b1a0445805dfc35bfa2cd8cde2a8b130de6,JPEG,保留,02_260713_D2_太宰府_天滿宮,8,260713_D2_IMG3982_太宰府_天滿宮鳥居_0008.JPG,02_260713_D2_太宰府_天滿宮/260713_D2_IMG3982_太宰府_天滿宮鳥居_0008.JPG,move_and_rename,no,是,否,依 D2 日期／行程分類，保留原始 IMG 編號以便回溯
109,IMG_3983.JPG,8f6400d618bdb49be32bc295e8d962b64bb610a884e43bd627fa95f09ab39cfd,JPEG,保留,02_260713_D2_太宰府_天滿宮,9,260713_D2_IMG3983_太宰府_天滿宮鳥居_0009.JPG,02_260713_D2_太宰府_天滿宮/260713_D2_IMG3983_太宰府_天滿宮鳥居_0009.JPG,move_and_rename,no,否,否,依 D2 日期／行程分類，保留原始 IMG 編號以便回溯
110,IMG_3984.JPG,fe839a667182713ddf6e2be465a8b6a054a8227b685aebe6573065576763c1d4,JPEG,保留,02_260713_D2_太宰府_天滿宮,10,260713_D2_IMG3984_太宰府_天滿宮鳥居_0010.JPG,02_260713_D2_太宰府_天滿宮/260713_D2_IMG3984_太宰府_天滿宮鳥居_0010.JPG,move_and_rename,no,否,否,依 D2 日期／行程分類，保留原始 IMG 編號以便回溯
111,IMG_3985.JPG,1839fc34c808a8c83656c4b1b13cfd8e2a1c3b79094c70f038ff6f35d871daa0,JPEG,保留,02_260713_D2_太宰府_天滿宮,11,260713_D2_IMG3985_太宰府_天滿宮鳥居_0011.JPG,02_260713_D2_太宰府_天滿宮/260713_D2_IMG3985_太宰府_天滿宮鳥居_0011.JPG,move_and_rename,no,否,否,依 D2 日期／行程分類，保留原始 IMG 編號以便回溯
112,IMG_3986.JPG,a92b51d17c53b033efb3ba940dd35cc7d7365bc626f11ead0e9c4ffb4e1de1fc,JPEG,保留,02_260713_D2_太宰府_天滿宮,12,260713_D2_IMG3986_太宰府_天滿宮鳥居_0012.JPG,02_260713_D2_太宰府_天滿宮/260713_D2_IMG3986_太宰府_天滿宮鳥居_0012.JPG,move_and_rename,no,否,否,依 D2 日期／行程分類，保留原始 IMG 編號以便回溯
113,IMG_3987.JPG,53bb2f29ba60128ab3e9a75e2c4c890f6f316b0fb6ae8698f5715b36becf5ca6,JPEG,保留,02_260713_D2_太宰府_天滿宮,13,260713_D2_IMG3987_太宰府_天滿宮鳥居_0013.JPG,02_260713_D2_太宰府_天滿宮/260713_D2_IMG3987_太宰府_天滿宮鳥居_0013.JPG,move_and_rename,no,否,否,依 D2 日期／行程分類，保留原始 IMG 編號以便回溯
114,IMG_3988.JPG,c36d3457dbba5338b4f911b49b394cd85a580c07cb2f328df7446eb7ee4131be,JPEG,保留,02_260713_D2_太宰府_天滿宮,14,260713_D2_IMG3988_太宰府_天滿宮鳥居_0014.JPG,02_260713_D2_太宰府_天滿宮/260713_D2_IMG3988_太宰府_天滿宮鳥居_0014.JPG,move_and_rename,no,是,否,依 D2 日期／行程分類，保留原始 IMG 編號以便回溯
115,IMG_3989.JPG,9c53be92bc85ec233017dbcb8e2d4eb8cf6b73875266d6188f950942f4d56969,JPEG,保留,02_260713_D2_太宰府_天滿宮,15,260713_D2_IMG3989_太宰府_天滿宮鳥居_0015.JPG,02_260713_D2_太宰府_天滿宮/260713_D2_IMG3989_太宰府_天滿宮鳥居_0015.JPG,move_and_rename,no,否,否,依 D2 日期／行程分類，保留原始 IMG 編號以便回溯
116,IMG_3990.JPG,963366ce5ae5813f6c854ffc6aa8fe8f3cb1d8adaf7d0fb77e8ebaddac58d4c7,JPEG,保留,02_260713_D2_太宰府_天滿宮,16,260713_D2_IMG3990_太宰府_天滿宮鳥居_0016.JPG,02_260713_D2_太宰府_天滿宮/260713_D2_IMG3990_太宰府_天滿宮鳥居_0016.JPG,move_and_rename,no,否,否,依 D2 日期／行程分類，保留原始 IMG 編號以便回溯
117,IMG_3991.JPG,8be1e223e0e7063b97d049b1ebb4e3d809852bde1783d984ae3819c3f578ab59,JPEG,保留,02_260713_D2_太宰府_天滿宮,17,260713_D2_IMG3991_太宰府_天滿宮鳥居_0017.JPG,02_260713_D2_太宰府_天滿宮/260713_D2_IMG3991_太宰府_天滿宮鳥居_0017.JPG,move_and_rename,no,否,否,依 D2 日期／行程分類，保留原始 IMG 編號以便回溯
118,IMG_3992.JPG,a0a42430b6421c69fed2f54fba826ca33f59485ab6facbbd1afa97f0ae5678f3,JPEG,保留,02_260713_D2_太宰府_天滿宮,18,260713_D2_IMG3992_太宰府_天滿宮鳥居_0018.JPG,02_260713_D2_太宰府_天滿宮/260713_D2_IMG3992_太宰府_天滿宮鳥居_0018.JPG,move_and_rename,no,是,是,依 D2 日期／行程分類，保留原始 IMG 編號以便回溯
119,IMG_3993.JPG,862659d6304544ea54c918332579be3d95a02302150ef0a861c7e59b92078294,JPEG,保留,02_260713_D2_太宰府_天滿宮,19,260713_D2_IMG3993_太宰府_天滿宮鳥居_0019.JPG,02_260713_D2_太宰府_天滿宮/260713_D2_IMG3993_太宰府_天滿宮鳥居_0019.JPG,move_and_rename,no,否,否,依 D2 日期／行程分類，保留原始 IMG 編號以便回溯
120,IMG_3994.JPG,99503ab9ebd8492ac561d847a03046dfe2944d0b598d0da32ba8e0b703d83dbe,JPEG,保留,02_260713_D2_太宰府_天滿宮,20,260713_D2_IMG3994_太宰府_天滿宮鳥居_0020.JPG,02_260713_D2_太宰府_天滿宮/260713_D2_IMG3994_太宰府_天滿宮鳥居_0020.JPG,move_and_rename,no,否,否,依 D2 日期／行程分類，保留原始 IMG 編號以便回溯
121,IMG_3995.JPG,85eabb3c5009e61cb54b1eea4eb613444dcab8e6eb29353f8bdbe9c81439b094,JPEG,保留,02_260713_D2_太宰府_天滿宮,21,260713_D2_IMG3995_太宰府_天滿宮鳥居_0021.JPG,02_260713_D2_太宰府_天滿宮/260713_D2_IMG3995_太宰府_天滿宮鳥居_0021.JPG,move_and_rename,no,否,否,依 D2 日期／行程分類，保留原始 IMG 編號以便回溯
122,IMG_3996.JPG,d5492cd0b01930398c5527d2c0f881b4bb2bf01442e7e310a7849741fe553ece,JPEG,保留,02_260713_D2_太宰府_天滿宮,22,260713_D2_IMG3996_太宰府_天滿宮鳥居_0022.JPG,02_260713_D2_太宰府_天滿宮/260713_D2_IMG3996_太宰府_天滿宮鳥居_0022.JPG,move_and_rename,no,否,否,依 D2 日期／行程分類，保留原始 IMG 編號以便回溯
123,IMG_3997.JPG,7dd96fc68b5b65cf223b8ecba0e269d7fea0c0124f97a8338d4212419b92add5,JPEG,保留,02_260713_D2_太宰府_天滿宮,23,260713_D2_IMG3997_太宰府_天滿宮鳥居_0023.JPG,02_260713_D2_太宰府_天滿宮/260713_D2_IMG3997_太宰府_天滿宮鳥居_0023.JPG,move_and_rename,no,是,否,依 D2 日期／行程分類，保留原始 IMG 編號以便回溯
124,IMG_3998.JPG,32effaf9c0b7fbe3c348eca51bfb71b64b08614b3a1b97bb2c78889d3e398fcf,JPEG,保留,02_260713_D2_太宰府_天滿宮,24,260713_D2_IMG3998_太宰府_天滿宮鳥居_0024.JPG,02_260713_D2_太宰府_天滿宮/260713_D2_IMG3998_太宰府_天滿宮鳥居_0024.JPG,move_and_rename,no,否,否,依 D2 日期／行程分類，保留原始 IMG 編號以便回溯
125,IMG_3999.MOV,9bacf516115db36896a94c83486772923bbaaf3d0dfdd8c4283c2092e939c964,MOV,保留,02_260713_D2_太宰府_天滿宮,25,260713_D2_IMG3999_太宰府_天滿宮鳥居_0025.MOV,02_260713_D2_太宰府_天滿宮/260713_D2_IMG3999_太宰府_天滿宮鳥居_0025.MOV,move_and_rename,no,否,否,依 D2 日期／行程分類，保留原始 IMG 編號以便回溯
126,IMG_4001.JPG,c82114edab645c17bb5f4a4268ee0ae8c808ce36ce95498a2738aaa0fa6c11e9,JPEG,保留,02_260713_D2_太宰府_天滿宮,26,260713_D2_IMG4001_太宰府_天滿宮鳥居_0026.JPG,02_260713_D2_太宰府_天滿宮/260713_D2_IMG4001_太宰府_天滿宮鳥居_0026.JPG,move_and_rename,no,否,否,依 D2 日期／行程分類，保留原始 IMG 編號以便回溯
127,IMG_4002.JPG,f452d2c5077124d8e09eba0bcd082f746dd4b2ad918d9adbbdeb2e6ca1802686,JPEG,保留,02_260713_D2_太宰府_天滿宮,27,260713_D2_IMG4002_太宰府_天滿宮鳥居_0027.JPG,02_260713_D2_太宰府_天滿宮/260713_D2_IMG4002_太宰府_天滿宮鳥居_0027.JPG,move_and_rename,no,否,否,依 D2 日期／行程分類，保留原始 IMG 編號以便回溯
128,IMG_4003.JPG,3bd5ba79dcb774e8125131dc1de1baef6c105773d30c36bc72c6e44910ea7d48,JPEG,保留,02_260713_D2_太宰府_天滿宮,28,260713_D2_IMG4003_太宰府_天滿宮鳥居_0028.JPG,02_260713_D2_太宰府_天滿宮/260713_D2_IMG4003_太宰府_天滿宮鳥居_0028.JPG,move_and_rename,no,否,否,依 D2 日期／行程分類，保留原始 IMG 編號以便回溯
129,IMG_4004.JPG,cee055f67d04f37a7388ac4027dca7e2c83567a901ad8cdd0f793375e82840b0,JPEG,保留,02_260713_D2_太宰府_天滿宮,29,260713_D2_IMG4004_太宰府_天滿宮鳥居_0029.JPG,02_260713_D2_太宰府_天滿宮/260713_D2_IMG4004_太宰府_天滿宮鳥居_0029.JPG,move_and_rename,no,否,否,依 D2 日期／行程分類，保留原始 IMG 編號以便回溯
130,IMG_4005.JPG,4335e3a41fa373724b7e5c533d00bcbea6966bf16adc649835b9d6e129af3143,JPEG,保留,02_260713_D2_太宰府_天滿宮,30,260713_D2_IMG4005_太宰府_天滿宮鳥居_0030.JPG,02_260713_D2_太宰府_天滿宮/260713_D2_IMG4005_太宰府_天滿宮鳥居_0030.JPG,move_and_rename,no,否,否,依 D2 日期／行程分類，保留原始 IMG 編號以便回溯
131,IMG_4006.JPG,dbb57855478638be106bb31370cf7417b5f472b6ae2e8a566b2ca1fed1fe1c15,JPEG,保留,02_260713_D2_太宰府_天滿宮,31,260713_D2_IMG4006_太宰府_天滿宮鳥居_0031.JPG,02_260713_D2_太宰府_天滿宮/260713_D2_IMG4006_太宰府_天滿宮鳥居_0031.JPG,move_and_rename,no,否,否,依 D2 日期／行程分類，保留原始 IMG 編號以便回溯
132,IMG_4007.JPG,f1a02b289a45ebe7529d88637a80f3d5685de8d3d83ac0873ec7f6bbe9f2ce54,JPEG,保留,02_260713_D2_太宰府_天滿宮,32,260713_D2_IMG4007_太宰府_天滿宮鳥居_0032.JPG,02_260713_D2_太宰府_天滿宮/260713_D2_IMG4007_太宰府_天滿宮鳥居_0032.JPG,move_and_rename,no,是,否,依 D2 日期／行程分類，保留原始 IMG 編號以便回溯
133,IMG_4008.JPG,6ce8d7482bb0169479f81a3fb340275f72adf391a6447089e0dca5c0a66eeedd,JPEG,保留,02_260713_D2_太宰府_天滿宮,33,260713_D2_IMG4008_太宰府_天滿宮鳥居_0033.JPG,02_260713_D2_太宰府_天滿宮/260713_D2_IMG4008_太宰府_天滿宮鳥居_0033.JPG,move_and_rename,no,否,否,依 D2 日期／行程分類，保留原始 IMG 編號以便回溯
134,IMG_4009.JPG,b09d389a9e96c47764203ec8bb8f65005512707b9dbe29604ebf0654e105bd79,JPEG,保留,02_260713_D2_太宰府_天滿宮,34,260713_D2_IMG4009_太宰府_天滿宮鳥居_0034.JPG,02_260713_D2_太宰府_天滿宮/260713_D2_IMG4009_太宰府_天滿宮鳥居_0034.JPG,move_and_rename,no,否,否,依 D2 日期／行程分類，保留原始 IMG 編號以便回溯
135,IMG_4010.JPG,4b249b463c6818c39a16ca08716aaec631e4f89f3d2cf18831055c926f69796e,JPEG,保留,02_260713_D2_太宰府_天滿宮,35,260713_D2_IMG4010_太宰府_天滿宮鳥居_0035.JPG,02_260713_D2_太宰府_天滿宮/260713_D2_IMG4010_太宰府_天滿宮鳥居_0035.JPG,move_and_rename,no,否,否,依 D2 日期／行程分類，保留原始 IMG 編號以便回溯
136,IMG_4011.JPG,f39869dd0e23321892ce59df32ada3ecf83f2add33a2584e37aba3e9d83b5201,JPEG,保留,02_260713_D2_太宰府_天滿宮,36,260713_D2_IMG4011_太宰府_天滿宮鳥居_0036.JPG,02_260713_D2_太宰府_天滿宮/260713_D2_IMG4011_太宰府_天滿宮鳥居_0036.JPG,move_and_rename,no,否,否,依 D2 日期／行程分類，保留原始 IMG 編號以便回溯
137,IMG_4012.JPG,6576c42a82a728106ae6e4b8e652210a11f20c92bb2decec11a85e8cdbf84637,JPEG,保留,02_260713_D2_太宰府_天滿宮,37,260713_D2_IMG4012_太宰府_天滿宮鳥居_0037.JPG,02_260713_D2_太宰府_天滿宮/260713_D2_IMG4012_太宰府_天滿宮鳥居_0037.JPG,move_and_rename,no,否,否,依 D2 日期／行程分類，保留原始 IMG 編號以便回溯
138,IMG_4013.JPG,a7100c1179baa65a23cf31abf17a70c7dd26853514a6c58f7a27fabc960e6aa7,JPEG,保留,02_260713_D2_太宰府_天滿宮,38,260713_D2_IMG4013_太宰府_天滿宮鳥居_0038.JPG,02_260713_D2_太宰府_天滿宮/260713_D2_IMG4013_太宰府_天滿宮鳥居_0038.JPG,move_and_rename,no,否,否,依 D2 日期／行程分類，保留原始 IMG 編號以便回溯
139,IMG_4014.JPG,e4f6b517fb8da3d5595f1458ce0300beffee6bfcf010f07851825a8503b2f982,JPEG,保留,02_260713_D2_太宰府_天滿宮,39,260713_D2_IMG4014_太宰府_天滿宮鳥居_0039.JPG,02_260713_D2_太宰府_天滿宮/260713_D2_IMG4014_太宰府_天滿宮鳥居_0039.JPG,move_and_rename,no,否,否,依 D2 日期／行程分類，保留原始 IMG 編號以便回溯
140,IMG_4015.JPG,2420c47b045d5563721dccac7aebf6d06f709eb61eabebb0cc12038842ac1074,JPEG,保留,02_260713_D2_太宰府_天滿宮,40,260713_D2_IMG4015_太宰府_天滿宮鳥居_0040.JPG,02_260713_D2_太宰府_天滿宮/260713_D2_IMG4015_太宰府_天滿宮鳥居_0040.JPG,move_and_rename,no,是,否,依 D2 日期／行程分類，保留原始 IMG 編號以便回溯
141,IMG_4016.JPG,708a2e9acd6b48cf100605888a9fe5be0451fdd24293c26cb4c523e7ed1f200a,JPEG,保留,02_260713_D2_太宰府_天滿宮,41,260713_D2_IMG4016_太宰府_天滿宮鳥居_0041.JPG,02_260713_D2_太宰府_天滿宮/260713_D2_IMG4016_太宰府_天滿宮鳥居_0041.JPG,move_and_rename,no,否,否,依 D2 日期／行程分類，保留原始 IMG 編號以便回溯
142,IMG_4017.JPG,19442917e8c58ba37e34f97fff9f9f0bf9ee66359b064628942ed65c1c597a18,JPEG,保留,02_260713_D2_太宰府_天滿宮,42,260713_D2_IMG4017_太宰府_天滿宮鳥居_0042.JPG,02_260713_D2_太宰府_天滿宮/260713_D2_IMG4017_太宰府_天滿宮鳥居_0042.JPG,move_and_rename,no,否,否,依 D2 日期／行程分類，保留原始 IMG 編號以便回溯
143,IMG_4018.JPG,55461ffac994639dfc84aa4e9e27e3785ee3e2cea50c1a05dfe2acb9855fc3b8,JPEG,保留,02_260713_D2_太宰府_天滿宮,43,260713_D2_IMG4018_太宰府_天滿宮鳥居_0043.JPG,02_260713_D2_太宰府_天滿宮/260713_D2_IMG4018_太宰府_天滿宮鳥居_0043.JPG,move_and_rename,no,否,否,依 D2 日期／行程分類，保留原始 IMG 編號以便回溯
144,IMG_4019.JPG,eefc5e29f5012769afb2d74e9d00c9462370538df0d9e8c81f2f5f2e7739cca1,JPEG,保留,02_260713_D2_太宰府_天滿宮,44,260713_D2_IMG4019_太宰府_天滿宮鳥居_0044.JPG,02_260713_D2_太宰府_天滿宮/260713_D2_IMG4019_太宰府_天滿宮鳥居_0044.JPG,move_and_rename,no,否,否,依 D2 日期／行程分類，保留原始 IMG 編號以便回溯
145,IMG_4020.JPG,ed047b6eef1dac04e9cb9b313248bccd1a775b2961ecf660c00393227603a6c7,JPEG,保留,02_260713_D2_太宰府_天滿宮,45,260713_D2_IMG4020_太宰府_天滿宮鳥居_0045.JPG,02_260713_D2_太宰府_天滿宮/260713_D2_IMG4020_太宰府_天滿宮鳥居_0045.JPG,move_and_rename,no,否,否,依 D2 日期／行程分類，保留原始 IMG 編號以便回溯
146,IMG_4021.JPG,834f6e95cccd1938cd4712a718a0a53c1702cf6d96f88f1d2555574b79e04e4e,JPEG,保留,02_260713_D2_太宰府_天滿宮,46,260713_D2_IMG4021_太宰府_天滿宮鳥居_0046.JPG,02_260713_D2_太宰府_天滿宮/260713_D2_IMG4021_太宰府_天滿宮鳥居_0046.JPG,move_and_rename,no,是,否,依 D2 日期／行程分類，保留原始 IMG 編號以便回溯
147,IMG_4022.JPG,08034e0f72b8f271e0304eebf7f1d0c506847c324b8c3574bd3b71dd0838b314,JPEG,保留,02_260713_D2_太宰府_天滿宮,47,260713_D2_IMG4022_太宰府_天滿宮鳥居_0047.JPG,02_260713_D2_太宰府_天滿宮/260713_D2_IMG4022_太宰府_天滿宮鳥居_0047.JPG,move_and_rename,no,否,否,依 D2 日期／行程分類，保留原始 IMG 編號以便回溯
148,IMG_4023.JPG,f19c3479428c73a43ea8c29ab94b803c9a9718ce437c92f179bdd3ead68040d1,JPEG,保留,02_260713_D2_太宰府_天滿宮,48,260713_D2_IMG4023_太宰府_天滿宮鳥居_0048.JPG,02_260713_D2_太宰府_天滿宮/260713_D2_IMG4023_太宰府_天滿宮鳥居_0048.JPG,move_and_rename,no,否,否,依 D2 日期／行程分類，保留原始 IMG 編號以便回溯
149,IMG_4024.JPG,cb2aeb9547191e7a076e653167fde28b770cf1201fb0ca077e262147d143d8b8,JPEG,保留,02_260713_D2_太宰府_天滿宮,49,260713_D2_IMG4024_太宰府_天滿宮鳥居_0049.JPG,02_260713_D2_太宰府_天滿宮/260713_D2_IMG4024_太宰府_天滿宮鳥居_0049.JPG,move_and_rename,no,否,否,依 D2 日期／行程分類，保留原始 IMG 編號以便回溯
150,IMG_4025.JPG,62a730dd7cf0352d716a8071a93efd3905d612ed270dd13e422ded25dc286592,JPEG,保留,02_260713_D2_太宰府_天滿宮,50,260713_D2_IMG4025_太宰府_天滿宮鳥居_0050.JPG,02_260713_D2_太宰府_天滿宮/260713_D2_IMG4025_太宰府_天滿宮鳥居_0050.JPG,move_and_rename,no,否,否,依 D2 日期／行程分類，保留原始 IMG 編號以便回溯
151,IMG_4026.JPG,03204b4dbe2380405c2dbedcab25df7c7c5b73e2fa9ef3bbe2c6be62ecbbf4b7,JPEG,保留,02_260713_D2_太宰府_天滿宮,1,260713_D2_IMG4026_太宰府_餐食返程_0001.JPG,02_260713_D2_太宰府_天滿宮/260713_D2_IMG4026_太宰府_餐食返程_0001.JPG,move_and_rename,no,否,否,依 D2 日期／行程分類，保留原始 IMG 編號以便回溯
152,IMG_4027.JPG,c9c6333c700dca48f4beb1047e09865ce456e57c3faddc882c42b751739a0d66,JPEG,保留,02_260713_D2_太宰府_天滿宮,2,260713_D2_IMG4027_太宰府_餐食返程_0002.JPG,02_260713_D2_太宰府_天滿宮/260713_D2_IMG4027_太宰府_餐食返程_0002.JPG,move_and_rename,no,否,否,依 D2 日期／行程分類，保留原始 IMG 編號以便回溯
153,IMG_4028.JPG,6f03cfbb3082a50f7bdae37b9b1b176f942aca91a0c243d0f30eac2259e4da54,JPEG,保留,02_260713_D2_太宰府_天滿宮,3,260713_D2_IMG4028_太宰府_餐食返程_0003.JPG,02_260713_D2_太宰府_天滿宮/260713_D2_IMG4028_太宰府_餐食返程_0003.JPG,move_and_rename,no,否,否,依 D2 日期／行程分類，保留原始 IMG 編號以便回溯
154,IMG_4029.JPG,b886dc81a2d0368ddeb72a6f355d32b75cdc36f1fd5ce781303f3b273fc532ff,JPEG,保留,02_260713_D2_太宰府_天滿宮,4,260713_D2_IMG4029_太宰府_餐食返程_0004.JPG,02_260713_D2_太宰府_天滿宮/260713_D2_IMG4029_太宰府_餐食返程_0004.JPG,move_and_rename,no,是,否,依 D2 日期／行程分類，保留原始 IMG 編號以便回溯
155,IMG_4030.JPG,968c49288c2882d63df3bb75db0d0aa108a20690f17686d4f92f369fec3c253e,JPEG,保留,02_260713_D2_太宰府_天滿宮,5,260713_D2_IMG4030_太宰府_餐食返程_0005.JPG,02_260713_D2_太宰府_天滿宮/260713_D2_IMG4030_太宰府_餐食返程_0005.JPG,move_and_rename,no,否,否,依 D2 日期／行程分類，保留原始 IMG 編號以便回溯
156,IMG_4031.JPG,e74abc5739954cc1a1afaa66190d19a6f6cafbbe4b2ec67bf44dd9ad699265c9,JPEG,保留,02_260713_D2_太宰府_天滿宮,6,260713_D2_IMG4031_太宰府_餐食返程_0006.JPG,02_260713_D2_太宰府_天滿宮/260713_D2_IMG4031_太宰府_餐食返程_0006.JPG,move_and_rename,no,否,否,依 D2 日期／行程分類，保留原始 IMG 編號以便回溯
157,IMG_4032.JPG,1d5235a550d8c89fa2bb1f6c9ae930177ea98a44cad86b80133790edd2d88399,JPEG,保留,02_260713_D2_太宰府_天滿宮,7,260713_D2_IMG4032_太宰府_餐食返程_0007.JPG,02_260713_D2_太宰府_天滿宮/260713_D2_IMG4032_太宰府_餐食返程_0007.JPG,move_and_rename,no,否,否,依 D2 日期／行程分類，保留原始 IMG 編號以便回溯
158,IMG_4033.JPG,9ed5ca1b49426cdade8bc194868d681e15813a8056bced9f35a11ea97ff9822a,JPEG,保留,02_260713_D2_太宰府_天滿宮,8,260713_D2_IMG4033_太宰府_餐食返程_0008.JPG,02_260713_D2_太宰府_天滿宮/260713_D2_IMG4033_太宰府_餐食返程_0008.JPG,move_and_rename,no,否,否,依 D2 日期／行程分類，保留原始 IMG 編號以便回溯
159,IMG_4034.JPG,bf176c24eaebe83c0c47c3f0295c9918d6397778e9a2ad5d1c2357b039928428,JPEG,保留,02_260713_D2_太宰府_天滿宮,9,260713_D2_IMG4034_太宰府_餐食返程_0009.JPG,02_260713_D2_太宰府_天滿宮/260713_D2_IMG4034_太宰府_餐食返程_0009.JPG,move_and_rename,no,否,否,依 D2 日期／行程分類，保留原始 IMG 編號以便回溯
160,IMG_4035.JPG,2b4cb12872a04c6fd44343e0a5208e1d91e59fa665290c9b43a71693a3efe6c5,JPEG,保留,02_260713_D2_太宰府_天滿宮,10,260713_D2_IMG4035_太宰府_餐食返程_0010.JPG,02_260713_D2_太宰府_天滿宮/260713_D2_IMG4035_太宰府_餐食返程_0010.JPG,move_and_rename,no,否,否,依 D2 日期／行程分類，保留原始 IMG 編號以便回溯
161,IMG_4036.JPG,a8ae5a55f58bd15028abbb11d5e2e640b5babbf796d7ec2409369fe813159cc2,JPEG,保留,02_260713_D2_太宰府_天滿宮,11,260713_D2_IMG4036_太宰府_餐食返程_0011.JPG,02_260713_D2_太宰府_天滿宮/260713_D2_IMG4036_太宰府_餐食返程_0011.JPG,move_and_rename,no,是,否,依 D2 日期／行程分類，保留原始 IMG 編號以便回溯
162,IMG_4037.JPG,0a59ca65942769b639c423375a26bff9174aa371b52ceedec78a41b9ef26fb9d,JPEG,保留,02_260713_D2_太宰府_天滿宮,12,260713_D2_IMG4037_太宰府_餐食返程_0012.JPG,02_260713_D2_太宰府_天滿宮/260713_D2_IMG4037_太宰府_餐食返程_0012.JPG,move_and_rename,no,否,否,依 D2 日期／行程分類，保留原始 IMG 編號以便回溯
163,IMG_4038.JPG,92df215fae7be2a2034fc8272e892adba8d46869995f7f61e8b5049583e6a957,JPEG,保留,02_260713_D2_太宰府_天滿宮,13,260713_D2_IMG4038_太宰府_餐食返程_0013.JPG,02_260713_D2_太宰府_天滿宮/260713_D2_IMG4038_太宰府_餐食返程_0013.JPG,move_and_rename,no,否,否,依 D2 日期／行程分類，保留原始 IMG 編號以便回溯
164,IMG_4039.JPG,952bdff2b7c9b5843a37d46a6cc0edcc5f505266bf453d839745a775680fbd1e,JPEG,保留,02_260713_D2_太宰府_天滿宮,14,260713_D2_IMG4039_太宰府_餐食返程_0014.JPG,02_260713_D2_太宰府_天滿宮/260713_D2_IMG4039_太宰府_餐食返程_0014.JPG,move_and_rename,no,否,否,依 D2 日期／行程分類，保留原始 IMG 編號以便回溯
165,IMG_4040.JPG,79bd3ecd34c5b760aafee1aa86c471f29242826978b72b4a6b87d7be0e5d25ae,JPEG,保留,02_260713_D2_太宰府_天滿宮,15,260713_D2_IMG4040_太宰府_餐食返程_0015.JPG,02_260713_D2_太宰府_天滿宮/260713_D2_IMG4040_太宰府_餐食返程_0015.JPG,move_and_rename,no,否,否,依 D2 日期／行程分類，保留原始 IMG 編號以便回溯
166,IMG_4041.JPG,f128f19ab3bc5676af793bdd3611e90cf8ef093a9b0e09d1560a715040e44a62,JPEG,保留,02_260713_D2_太宰府_天滿宮,16,260713_D2_IMG4041_太宰府_餐食返程_0016.JPG,02_260713_D2_太宰府_天滿宮/260713_D2_IMG4041_太宰府_餐食返程_0016.JPG,move_and_rename,no,否,否,依 D2 日期／行程分類，保留原始 IMG 編號以便回溯
167,IMG_4042.JPG,7a76d8d21056349c0c4d13791d38700dd8a5a5b2fadb015edd07e7d9ab19f848,JPEG,保留,02_260713_D2_太宰府_天滿宮,17,260713_D2_IMG4042_太宰府_餐食返程_0017.JPG,02_260713_D2_太宰府_天滿宮/260713_D2_IMG4042_太宰府_餐食返程_0017.JPG,move_and_rename,no,否,否,依 D2 日期／行程分類，保留原始 IMG 編號以便回溯
168,IMG_4043.JPG,4ef97ba74d65aa587af3cfe1a246b1796a96f1b92b5f0c9b2dfdb2225338f071,JPEG,保留,02_260713_D2_太宰府_天滿宮,18,260713_D2_IMG4043_太宰府_餐食返程_0018.JPG,02_260713_D2_太宰府_天滿宮/260713_D2_IMG4043_太宰府_餐食返程_0018.JPG,move_and_rename,no,否,否,依 D2 日期／行程分類，保留原始 IMG 編號以便回溯
169,IMG_4044.JPG,a68ca38f09f674d906d7c7658d613e524513db8a4844807f78b702dd8fd54484,JPEG,保留,02_260713_D2_太宰府_天滿宮,19,260713_D2_IMG4044_太宰府_餐食返程_0019.JPG,02_260713_D2_太宰府_天滿宮/260713_D2_IMG4044_太宰府_餐食返程_0019.JPG,move_and_rename,no,否,否,依 D2 日期／行程分類，保留原始 IMG 編號以便回溯
170,IMG_4045.JPG,7c8115c7910fe9c929b555ec48662d24e1f33a5423cf60ec0c528ee0747e5b80,JPEG,保留,02_260713_D2_太宰府_天滿宮,20,260713_D2_IMG4045_太宰府_餐食返程_0020.JPG,02_260713_D2_太宰府_天滿宮/260713_D2_IMG4045_太宰府_餐食返程_0020.JPG,move_and_rename,no,是,否,依 D2 日期／行程分類，保留原始 IMG 編號以便回溯
171,IMG_4046.JPG,f79e0363f9e356b2ccb3ebef780c8d3542d41aaf240c170ddb927260a1e08f8a,JPEG,保留,02_260713_D2_太宰府_天滿宮,21,260713_D2_IMG4046_太宰府_餐食返程_0021.JPG,02_260713_D2_太宰府_天滿宮/260713_D2_IMG4046_太宰府_餐食返程_0021.JPG,move_and_rename,no,否,否,依 D2 日期／行程分類，保留原始 IMG 編號以便回溯
172,IMG_4047.JPG,99c33a55380f00f905c11ec3247b8c68929fbc2e60d3a6e714379d974cbaf07b,JPEG,保留,02_260713_D2_太宰府_天滿宮,22,260713_D2_IMG4047_太宰府_餐食返程_0022.JPG,02_260713_D2_太宰府_天滿宮/260713_D2_IMG4047_太宰府_餐食返程_0022.JPG,move_and_rename,no,否,否,依 D2 日期／行程分類，保留原始 IMG 編號以便回溯
173,IMG_4048.JPG,1bc691ff8ae43ad3e569061272ed3adbbf228f627ab161fa287d8e65ae57553d,JPEG,保留,02_260713_D2_太宰府_天滿宮,23,260713_D2_IMG4048_太宰府_餐食返程_0023.JPG,02_260713_D2_太宰府_天滿宮/260713_D2_IMG4048_太宰府_餐食返程_0023.JPG,move_and_rename,no,否,否,依 D2 日期／行程分類，保留原始 IMG 編號以便回溯
174,IMG_4049.JPG,1ff855dd95aec221f7291c645f81b3ebcf82baea45140c0f45aec97e48410ffd,JPEG,保留,02_260713_D2_太宰府_天滿宮,24,260713_D2_IMG4049_太宰府_餐食返程_0024.JPG,02_260713_D2_太宰府_天滿宮/260713_D2_IMG4049_太宰府_餐食返程_0024.JPG,move_and_rename,no,否,否,依 D2 日期／行程分類，保留原始 IMG 編號以便回溯
175,IMG_4050.JPG,041d3923d2eddd9beeb459e95fecbb265333659aa119fcbee6498ffae9f0b68c,JPEG,保留,02_260713_D2_太宰府_天滿宮,25,260713_D2_IMG4050_太宰府_餐食返程_0025.JPG,02_260713_D2_太宰府_天滿宮/260713_D2_IMG4050_太宰府_餐食返程_0025.JPG,move_and_rename,no,否,否,依 D2 日期／行程分類，保留原始 IMG 編號以便回溯
176,IMG_4051.JPG,2a637f0282cef1b14bcadad4ffdaa291a4a9c0fd1923630db7993f2d84363a49,JPEG,保留,02_260713_D2_太宰府_天滿宮,26,260713_D2_IMG4051_太宰府_餐食返程_0026.JPG,02_260713_D2_太宰府_天滿宮/260713_D2_IMG4051_太宰府_餐食返程_0026.JPG,move_and_rename,no,否,否,依 D2 日期／行程分類，保留原始 IMG 編號以便回溯
177,IMG_4052.JPG,b73d3dc92d52eb09cd67257a7c1206e95892ab05a1226aead8c17b6fe87e384d,JPEG,保留,02_260713_D2_太宰府_天滿宮,27,260713_D2_IMG4052_太宰府_餐食返程_0027.JPG,02_260713_D2_太宰府_天滿宮/260713_D2_IMG4052_太宰府_餐食返程_0027.JPG,move_and_rename,no,否,否,依 D2 日期／行程分類，保留原始 IMG 編號以便回溯
178,IMG_4053.JPG,a1e35ebcbfc2108bfe5e00a6b7653ef024cea4ed6daa17949dba525034eafd50,JPEG,保留,02_260713_D2_太宰府_天滿宮,28,260713_D2_IMG4053_太宰府_餐食返程_0028.JPG,02_260713_D2_太宰府_天滿宮/260713_D2_IMG4053_太宰府_餐食返程_0028.JPG,move_and_rename,no,否,否,依 D2 日期／行程分類，保留原始 IMG 編號以便回溯
179,IMG_4054.JPG,527a6b75f4cee8156189a2ef482f46e3b16dd2f73d65fd19779bfc3789fc1744,JPEG,保留,02_260713_D2_太宰府_天滿宮,29,260713_D2_IMG4054_太宰府_餐食返程_0029.JPG,02_260713_D2_太宰府_天滿宮/260713_D2_IMG4054_太宰府_餐食返程_0029.JPG,move_and_rename,no,否,否,依 D2 日期／行程分類，保留原始 IMG 編號以便回溯
180,IMG_4055.JPG,473577fe927910c7bd41d80dee8788bc53dc0f239d12a3a71f2cfbfbecbd24c7,JPEG,保留,02_260713_D2_太宰府_天滿宮,30,260713_D2_IMG4055_太宰府_餐食返程_0030.JPG,02_260713_D2_太宰府_天滿宮/260713_D2_IMG4055_太宰府_餐食返程_0030.JPG,move_and_rename,no,否,否,依 D2 日期／行程分類，保留原始 IMG 編號以便回溯
181,IMG_4056.JPG,1c6e5f332ce6a32517cc430cf924dda27d6ae2cca1ca9ac5b34ff5443ba52f45,JPEG,保留,02_260713_D2_太宰府_天滿宮,31,260713_D2_IMG4056_太宰府_餐食返程_0031.JPG,02_260713_D2_太宰府_天滿宮/260713_D2_IMG4056_太宰府_餐食返程_0031.JPG,move_and_rename,no,否,否,依 D2 日期／行程分類，保留原始 IMG 編號以便回溯
182,IMG_4057.JPG,6ff234b99cce0edbdffcd88c1360f27f0cc784a9c57c5199311f82184249ff2c,JPEG,保留,02_260713_D2_太宰府_天滿宮,32,260713_D2_IMG4057_太宰府_餐食返程_0032.JPG,02_260713_D2_太宰府_天滿宮/260713_D2_IMG4057_太宰府_餐食返程_0032.JPG,move_and_rename,no,否,否,依 D2 日期／行程分類，保留原始 IMG 編號以便回溯
183,IMG_4058.JPG,cfc641642d0b22314c4485a738068e3be2decfdc9877529abddcc43cc74f61a4,JPEG,保留,02_260713_D2_太宰府_天滿宮,33,260713_D2_IMG4058_太宰府_餐食返程_0033.JPG,02_260713_D2_太宰府_天滿宮/260713_D2_IMG4058_太宰府_餐食返程_0033.JPG,move_and_rename,no,否,否,依 D2 日期／行程分類，保留原始 IMG 編號以便回溯
184,IMG_4059.JPG,0cf395b81731bb573c4a4de705b7403b7b2df0111ee23c8aeb368586ae91b99e,JPEG,保留,02_260713_D2_太宰府_天滿宮,34,260713_D2_IMG4059_太宰府_餐食返程_0034.JPG,02_260713_D2_太宰府_天滿宮/260713_D2_IMG4059_太宰府_餐食返程_0034.JPG,move_and_rename,no,否,否,依 D2 日期／行程分類，保留原始 IMG 編號以便回溯
185,IMG_4060.JPG,9d2b84497b9278079854166b97ad020f25ce822009a82da624d26beabf9a62bc,JPEG,保留,02_260713_D2_太宰府_天滿宮,35,260713_D2_IMG4060_太宰府_餐食返程_0035.JPG,02_260713_D2_太宰府_天滿宮/260713_D2_IMG4060_太宰府_餐食返程_0035.JPG,move_and_rename,no,否,否,依 D2 日期／行程分類，保留原始 IMG 編號以便回溯
186,IMG_4061.JPG,baa7d9b6579a77b7f9b37db5b9a702fb31822dfde7141dafa473a82892e0ac46,JPEG,保留,02_260713_D2_太宰府_天滿宮,36,260713_D2_IMG4061_太宰府_餐食返程_0036.JPG,02_260713_D2_太宰府_天滿宮/260713_D2_IMG4061_太宰府_餐食返程_0036.JPG,move_and_rename,no,否,否,依 D2 日期／行程分類，保留原始 IMG 編號以便回溯
187,IMG_4062.JPG,94346cf89880a170ddbebd3b44f73ce6c226517ad9f54e9b5234642260a40141,JPEG,保留,02_260713_D2_太宰府_天滿宮,37,260713_D2_IMG4062_太宰府_餐食返程_0037.JPG,02_260713_D2_太宰府_天滿宮/260713_D2_IMG4062_太宰府_餐食返程_0037.JPG,move_and_rename,no,否,否,依 D2 日期／行程分類，保留原始 IMG 編號以便回溯
188,IMG_4063.JPG,00028cefff97454370ddec4396f7b2f01d307bb3819c9647488b540bff40b0e8,JPEG,保留,02_260713_D2_太宰府_天滿宮,38,260713_D2_IMG4063_太宰府_餐食返程_0038.JPG,02_260713_D2_太宰府_天滿宮/260713_D2_IMG4063_太宰府_餐食返程_0038.JPG,move_and_rename,no,否,否,依 D2 日期／行程分類，保留原始 IMG 編號以便回溯
189,IMG_4064.JPG,863edc38c2442aceeb711640b3344c1139bc57bd079e8f05adf51b29745b7e50,JPEG,保留,02_260713_D2_太宰府_天滿宮,39,260713_D2_IMG4064_太宰府_餐食返程_0039.JPG,02_260713_D2_太宰府_天滿宮/260713_D2_IMG4064_太宰府_餐食返程_0039.JPG,move_and_rename,no,否,否,依 D2 日期／行程分類，保留原始 IMG 編號以便回溯
190,IMG_4065.JPG,cfd3c1df820bf7b161995e03ba14a2fd0565dab8152e2d05098b5c5896dedf42,JPEG,保留,02_260713_D2_太宰府_天滿宮,40,260713_D2_IMG4065_太宰府_餐食返程_0040.JPG,02_260713_D2_太宰府_天滿宮/260713_D2_IMG4065_太宰府_餐食返程_0040.JPG,move_and_rename,no,否,否,依 D2 日期／行程分類，保留原始 IMG 編號以便回溯
191,IMG_4066.JPG,d5519b06e29429dfe83fc2b59a22fa0961da07a4fbf75e29a988ac0209ca5760,JPEG,保留,02_260713_D2_太宰府_天滿宮,41,260713_D2_IMG4066_太宰府_餐食返程_0041.JPG,02_260713_D2_太宰府_天滿宮/260713_D2_IMG4066_太宰府_餐食返程_0041.JPG,move_and_rename,no,否,否,依 D2 日期／行程分類，保留原始 IMG 編號以便回溯
192,IMG_4067.JPG,f1d3f5ebcf25fac598d18d19c4b03e618ab9db8d9b3a0cef41945e5b2b076833,JPEG,保留,02_260713_D2_太宰府_天滿宮,42,260713_D2_IMG4067_太宰府_餐食返程_0042.JPG,02_260713_D2_太宰府_天滿宮/260713_D2_IMG4067_太宰府_餐食返程_0042.JPG,move_and_rename,no,否,否,依 D2 日期／行程分類，保留原始 IMG 編號以便回溯
193,IMG_4068.JPG,1a4be54f993b23121438894a6811f0d4e6dcbd9ebbc5dd8685cab9ac68d67bf5,JPEG,保留,02_260713_D2_太宰府_天滿宮,43,260713_D2_IMG4068_太宰府_餐食返程_0043.JPG,02_260713_D2_太宰府_天滿宮/260713_D2_IMG4068_太宰府_餐食返程_0043.JPG,move_and_rename,no,否,否,依 D2 日期／行程分類，保留原始 IMG 編號以便回溯
194,IMG_4069.JPG,adb81b853cc6850074e519566e4916e692c071790afe40dcf2869aa0de36f363,JPEG,保留,02_260713_D2_太宰府_天滿宮,44,260713_D2_IMG4069_太宰府_餐食返程_0044.JPG,02_260713_D2_太宰府_天滿宮/260713_D2_IMG4069_太宰府_餐食返程_0044.JPG,move_and_rename,no,否,否,依 D2 日期／行程分類，保留原始 IMG 編號以便回溯
195,IMG_4070.JPG,e881b600f4f75cfd76ba0781eba0bec8595ca810b3777d20494cab9139fb818c,JPEG,保留,02_260713_D2_太宰府_天滿宮,45,260713_D2_IMG4070_太宰府_餐食返程_0045.JPG,02_260713_D2_太宰府_天滿宮/260713_D2_IMG4070_太宰府_餐食返程_0045.JPG,move_and_rename,no,否,否,依 D2 日期／行程分類，保留原始 IMG 編號以便回溯
196,IMG_4071.JPG,033ed1cde60be9c80210a3ec800efa20272b91bc4772beb93a4071accac544f5,JPEG,保留,02_260713_D2_太宰府_天滿宮,46,260713_D2_IMG4071_太宰府_餐食返程_0046.JPG,02_260713_D2_太宰府_天滿宮/260713_D2_IMG4071_太宰府_餐食返程_0046.JPG,move_and_rename,no,否,否,依 D2 日期／行程分類，保留原始 IMG 編號以便回溯
197,IMG_4072.JPG,ea60fd3a43221aa01b4c2d13573fa2c7c9f0a02bc6fa87d53befe4efe89e4ac8,JPEG,保留,02_260713_D2_太宰府_天滿宮,47,260713_D2_IMG4072_太宰府_餐食返程_0047.JPG,02_260713_D2_太宰府_天滿宮/260713_D2_IMG4072_太宰府_餐食返程_0047.JPG,move_and_rename,no,否,否,依 D2 日期／行程分類，保留原始 IMG 編號以便回溯
198,IMG_4073.JPG,22e01ce555bcd10da8260b0e4db96a8ddbbc446e08474aeb095a11b4fa74c71f,JPEG,保留,02_260713_D2_太宰府_天滿宮,48,260713_D2_IMG4073_太宰府_餐食返程_0048.JPG,02_260713_D2_太宰府_天滿宮/260713_D2_IMG4073_太宰府_餐食返程_0048.JPG,move_and_rename,no,否,否,依 D2 日期／行程分類，保留原始 IMG 編號以便回溯
199,IMG_4074.JPG,f42a18f5c9b201da595b5264d458d1aca13f1386d7ddc0929c207505e6ae7492,JPEG,保留,02_260713_D2_太宰府_天滿宮,49,260713_D2_IMG4074_太宰府_餐食返程_0049.JPG,02_260713_D2_太宰府_天滿宮/260713_D2_IMG4074_太宰府_餐食返程_0049.JPG,move_and_rename,no,否,否,依 D2 日期／行程分類，保留原始 IMG 編號以便回溯
200,IMG_4075.JPG,5573aa7df953729b1f1491870067a0153b20c8def7f95ce05a09056fb2866b07,JPEG,保留,02_260713_D2_太宰府_天滿宮,50,260713_D2_IMG4075_太宰府_餐食返程_0050.JPG,02_260713_D2_太宰府_天滿宮/260713_D2_IMG4075_太宰府_餐食返程_0050.JPG,move_and_rename,no,否,否,依 D2 日期／行程分類，保留原始 IMG 編號以便回溯
201,IMG_4076.JPG,6f1b93994514c889419d3a1817042382f3b9b61ad7c28929ae88d6857d80dcec,JPEG,保留,03_260714_D3_櫛田神社_東長寺,1,260714_D3_IMG4076_福岡市區_櫛田神社街景_0001.JPG,03_260714_D3_櫛田神社_東長寺/260714_D3_IMG4076_福岡市區_櫛田神社街景_0001.JPG,move_and_rename,no,否,否,依 D3 日期／行程分類，保留原始 IMG 編號以便回溯
202,IMG_4077.JPG,5db26ae15c21a470b305501db04cb0c2177707464a8e020f356579944323a4fa,JPEG,保留,03_260714_D3_櫛田神社_東長寺,2,260714_D3_IMG4077_福岡市區_櫛田神社街景_0002.JPG,03_260714_D3_櫛田神社_東長寺/260714_D3_IMG4077_福岡市區_櫛田神社街景_0002.JPG,move_and_rename,no,否,否,依 D3 日期／行程分類，保留原始 IMG 編號以便回溯
203,IMG_4078.JPG,955920fec9a29a91e6af89532a8507d6ea34b5abd39329bdd40cf23a2ddac48a,JPEG,保留,03_260714_D3_櫛田神社_東長寺,3,260714_D3_IMG4078_福岡市區_櫛田神社街景_0003.JPG,03_260714_D3_櫛田神社_東長寺/260714_D3_IMG4078_福岡市區_櫛田神社街景_0003.JPG,move_and_rename,no,否,否,依 D3 日期／行程分類，保留原始 IMG 編號以便回溯
204,IMG_4079.JPG,660c5fab0f8fba105b46a67e5b2b04d84018e8bdb683c84269edfc8df31572f0,JPEG,保留,03_260714_D3_櫛田神社_東長寺,4,260714_D3_IMG4079_福岡市區_櫛田神社街景_0004.JPG,03_260714_D3_櫛田神社_東長寺/260714_D3_IMG4079_福岡市區_櫛田神社街景_0004.JPG,move_and_rename,no,否,否,依 D3 日期／行程分類，保留原始 IMG 編號以便回溯
205,IMG_4080.JPG,08f848e6ee51c197daab2b9cfbc88b050f13a25f4f7d3a40ff543a235553e6f1,JPEG,保留,03_260714_D3_櫛田神社_東長寺,5,260714_D3_IMG4080_福岡市區_櫛田神社街景_0005.JPG,03_260714_D3_櫛田神社_東長寺/260714_D3_IMG4080_福岡市區_櫛田神社街景_0005.JPG,move_and_rename,no,否,否,依 D3 日期／行程分類，保留原始 IMG 編號以便回溯
206,IMG_4081.JPG,33da306589b15a910a3ffc9eaf9303e1977a8ed85981700db7686e9995e1aff9,JPEG,保留,03_260714_D3_櫛田神社_東長寺,6,260714_D3_IMG4081_福岡市區_櫛田神社街景_0006.JPG,03_260714_D3_櫛田神社_東長寺/260714_D3_IMG4081_福岡市區_櫛田神社街景_0006.JPG,move_and_rename,no,否,否,依 D3 日期／行程分類，保留原始 IMG 編號以便回溯
207,IMG_4082.JPG,2025d68ed53378fe750afd0de7e2580a3cb0f8ee3ad19d4c9b8f37f290424dca,JPEG,保留,03_260714_D3_櫛田神社_東長寺,7,260714_D3_IMG4082_福岡市區_櫛田神社街景_0007.JPG,03_260714_D3_櫛田神社_東長寺/260714_D3_IMG4082_福岡市區_櫛田神社街景_0007.JPG,move_and_rename,no,否,是,依 D3 日期／行程分類，保留原始 IMG 編號以便回溯
208,IMG_4083.JPG,0e59015d2277ed139d8b84797411f707a1bc16bfa14630c726831a9cefbba87d,JPEG,保留,03_260714_D3_櫛田神社_東長寺,8,260714_D3_IMG4083_福岡市區_櫛田神社街景_0008.JPG,03_260714_D3_櫛田神社_東長寺/260714_D3_IMG4083_福岡市區_櫛田神社街景_0008.JPG,move_and_rename,no,否,否,依 D3 日期／行程分類，保留原始 IMG 編號以便回溯
209,IMG_4084.JPG,e6c1637e049977b40307256911fd0b70154bcc0cac0c1d739ab823db282c9c3d,JPEG,保留,03_260714_D3_櫛田神社_東長寺,9,260714_D3_IMG4084_福岡市區_櫛田神社街景_0009.JPG,03_260714_D3_櫛田神社_東長寺/260714_D3_IMG4084_福岡市區_櫛田神社街景_0009.JPG,move_and_rename,no,否,否,依 D3 日期／行程分類，保留原始 IMG 編號以便回溯
210,IMG_4085.JPG,2eafdcc9c1a39edff16dd3d2747e57feaa4c366baaf5d5c658e60ce84eed13d8,JPEG,保留,03_260714_D3_櫛田神社_東長寺,10,260714_D3_IMG4085_福岡市區_櫛田神社街景_0010.JPG,03_260714_D3_櫛田神社_東長寺/260714_D3_IMG4085_福岡市區_櫛田神社街景_0010.JPG,move_and_rename,no,否,否,依 D3 日期／行程分類，保留原始 IMG 編號以便回溯
211,IMG_4086.JPG,cf99a1b212e2ba6f0bc8eaf2f799753913f347bed3bfd74c8f688bc662b607b3,JPEG,保留,03_260714_D3_櫛田神社_東長寺,11,260714_D3_IMG4086_福岡市區_櫛田神社街景_0011.JPG,03_260714_D3_櫛田神社_東長寺/260714_D3_IMG4086_福岡市區_櫛田神社街景_0011.JPG,move_and_rename,no,否,否,依 D3 日期／行程分類，保留原始 IMG 編號以便回溯
212,IMG_4087.JPG,dd21721f34d5acbeb896615817eb3c87594ddb64a5d22b3968ef6c475f66f032,JPEG,保留,03_260714_D3_櫛田神社_東長寺,12,260714_D3_IMG4087_福岡市區_櫛田神社街景_0012.JPG,03_260714_D3_櫛田神社_東長寺/260714_D3_IMG4087_福岡市區_櫛田神社街景_0012.JPG,move_and_rename,no,否,否,依 D3 日期／行程分類，保留原始 IMG 編號以便回溯
213,IMG_4088.JPG,8ed090901eafae7e5473854f4f18cc2d8107024da57bf93bf2cb4923bbba9469,JPEG,保留,03_260714_D3_櫛田神社_東長寺,13,260714_D3_IMG4088_福岡市區_櫛田神社街景_0013.JPG,03_260714_D3_櫛田神社_東長寺/260714_D3_IMG4088_福岡市區_櫛田神社街景_0013.JPG,move_and_rename,no,否,否,依 D3 日期／行程分類，保留原始 IMG 編號以便回溯
214,IMG_4089.JPG,47acbaea93465d4775941b72df25ea4aaf922610296860d867ea92dac52a33d0,JPEG,保留,03_260714_D3_櫛田神社_東長寺,14,260714_D3_IMG4089_福岡市區_櫛田神社街景_0014.JPG,03_260714_D3_櫛田神社_東長寺/260714_D3_IMG4089_福岡市區_櫛田神社街景_0014.JPG,move_and_rename,no,否,否,依 D3 日期／行程分類，保留原始 IMG 編號以便回溯
215,IMG_4090.JPG,eb36bb2f19c9875d35558ea390a987f528027b4510b5cca4a7bb18b8e2e8b9cf,JPEG,保留,03_260714_D3_櫛田神社_東長寺,15,260714_D3_IMG4090_福岡市區_櫛田神社街景_0015.JPG,03_260714_D3_櫛田神社_東長寺/260714_D3_IMG4090_福岡市區_櫛田神社街景_0015.JPG,move_and_rename,no,否,否,依 D3 日期／行程分類，保留原始 IMG 編號以便回溯
216,IMG_4091.JPG,a213415afde0c35878fb1b92a288200c59e61845adceff2de580539213c8a20b,JPEG,保留,03_260714_D3_櫛田神社_東長寺,16,260714_D3_IMG4091_福岡市區_櫛田神社街景_0016.JPG,03_260714_D3_櫛田神社_東長寺/260714_D3_IMG4091_福岡市區_櫛田神社街景_0016.JPG,move_and_rename,no,否,否,依 D3 日期／行程分類，保留原始 IMG 編號以便回溯
217,IMG_4092.JPG,7b8b0d968475205cb771bbae655a284ce6761cf365c22c41f9b991425c3e4485,JPEG,保留,03_260714_D3_櫛田神社_東長寺,17,260714_D3_IMG4092_福岡市區_櫛田神社街景_0017.JPG,03_260714_D3_櫛田神社_東長寺/260714_D3_IMG4092_福岡市區_櫛田神社街景_0017.JPG,move_and_rename,no,否,否,依 D3 日期／行程分類，保留原始 IMG 編號以便回溯
218,IMG_4093.JPG,44c750ca491e771b696f7b2c4867c0a294d70199f5ab9b0b36f138ff252af8a8,JPEG,保留,03_260714_D3_櫛田神社_東長寺,18,260714_D3_IMG4093_福岡市區_櫛田神社街景_0018.JPG,03_260714_D3_櫛田神社_東長寺/260714_D3_IMG4093_福岡市區_櫛田神社街景_0018.JPG,move_and_rename,no,否,否,依 D3 日期／行程分類，保留原始 IMG 編號以便回溯
219,IMG_4094.JPG,6296d91675508e749073d2eb76c77926e180a36c6a9039d46969ad579c286e80,JPEG,保留,03_260714_D3_櫛田神社_東長寺,19,260714_D3_IMG4094_福岡市區_櫛田神社街景_0019.JPG,03_260714_D3_櫛田神社_東長寺/260714_D3_IMG4094_福岡市區_櫛田神社街景_0019.JPG,move_and_rename,no,否,否,依 D3 日期／行程分類，保留原始 IMG 編號以便回溯
220,IMG_4095.JPG,da1e7ad4553be112d83c42b8c882f9e65007df9b49a98cc7a7532978dbed5269,JPEG,保留,03_260714_D3_櫛田神社_東長寺,20,260714_D3_IMG4095_福岡市區_櫛田神社街景_0020.JPG,03_260714_D3_櫛田神社_東長寺/260714_D3_IMG4095_福岡市區_櫛田神社街景_0020.JPG,move_and_rename,no,否,否,依 D3 日期／行程分類，保留原始 IMG 編號以便回溯
221,IMG_4097.JPG,adf9f90096ec88038cd38c9800d0620f07117fce0d3bf1acae3c42264767fab7,JPEG,保留,03_260714_D3_櫛田神社_東長寺,21,260714_D3_IMG4097_福岡市區_櫛田神社街景_0021.JPG,03_260714_D3_櫛田神社_東長寺/260714_D3_IMG4097_福岡市區_櫛田神社街景_0021.JPG,move_and_rename,no,否,否,依 D3 日期／行程分類，保留原始 IMG 編號以便回溯
222,IMG_4098.JPG,2c166fc613031f8da8e80c87effeb0dfbf298fb7c90b311c3ff74fcec08666ae,JPEG,保留,03_260714_D3_櫛田神社_東長寺,22,260714_D3_IMG4098_福岡市區_櫛田神社街景_0022.JPG,03_260714_D3_櫛田神社_東長寺/260714_D3_IMG4098_福岡市區_櫛田神社街景_0022.JPG,move_and_rename,no,否,否,依 D3 日期／行程分類，保留原始 IMG 編號以便回溯
223,IMG_4099.JPG,da0c9b873aad4e322bae6cf9927f5bae8cd7ad5f130cb83466b4916f78ca36b4,JPEG,保留,03_260714_D3_櫛田神社_東長寺,23,260714_D3_IMG4099_福岡市區_櫛田神社街景_0023.JPG,03_260714_D3_櫛田神社_東長寺/260714_D3_IMG4099_福岡市區_櫛田神社街景_0023.JPG,move_and_rename,no,否,否,依 D3 日期／行程分類，保留原始 IMG 編號以便回溯
224,IMG_4100.JPG,15f90c9095c66fedd2f76de6569af8dba77f14240afcf68745a20f491ae6181f,JPEG,保留,03_260714_D3_櫛田神社_東長寺,24,260714_D3_IMG4100_福岡市區_櫛田神社街景_0024.JPG,03_260714_D3_櫛田神社_東長寺/260714_D3_IMG4100_福岡市區_櫛田神社街景_0024.JPG,move_and_rename,no,否,否,依 D3 日期／行程分類，保留原始 IMG 編號以便回溯
225,IMG_4101.JPG,7ef30223b22ee5089fa11d58e55b654f9d5c508323181e93266265c6ae16f6a6,JPEG,保留,03_260714_D3_櫛田神社_東長寺,25,260714_D3_IMG4101_福岡市區_櫛田神社街景_0025.JPG,03_260714_D3_櫛田神社_東長寺/260714_D3_IMG4101_福岡市區_櫛田神社街景_0025.JPG,move_and_rename,no,否,否,依 D3 日期／行程分類，保留原始 IMG 編號以便回溯
226,IMG_4102.JPG,eb78f329b4f8a473856dc0ca36c67ae9dbcfd623a48694a9963c298314bc36f9,JPEG,保留,03_260714_D3_櫛田神社_東長寺,26,260714_D3_IMG4102_福岡市區_櫛田神社街景_0026.JPG,03_260714_D3_櫛田神社_東長寺/260714_D3_IMG4102_福岡市區_櫛田神社街景_0026.JPG,move_and_rename,no,否,否,依 D3 日期／行程分類，保留原始 IMG 編號以便回溯
227,IMG_4103.JPG,a5f178a1bb10612155f0381ef04ddd90e14f85e17b1c76affb51839b44a49406,JPEG,保留,03_260714_D3_櫛田神社_東長寺,27,260714_D3_IMG4103_福岡市區_櫛田神社街景_0027.JPG,03_260714_D3_櫛田神社_東長寺/260714_D3_IMG4103_福岡市區_櫛田神社街景_0027.JPG,move_and_rename,no,否,否,依 D3 日期／行程分類，保留原始 IMG 編號以便回溯
228,IMG_4104.JPG,384b1a21ba094097c4659effcc23d569ce35780e0d05089b7f61a6b6b4be2157,JPEG,保留,03_260714_D3_櫛田神社_東長寺,28,260714_D3_IMG4104_福岡市區_櫛田神社街景_0028.JPG,03_260714_D3_櫛田神社_東長寺/260714_D3_IMG4104_福岡市區_櫛田神社街景_0028.JPG,move_and_rename,no,否,否,依 D3 日期／行程分類，保留原始 IMG 編號以便回溯
229,IMG_4105.JPG,b17fe54c6228f1e89e0c98dfcfa07d8efbe7b2b723310d52c06653e6d2760dd9,JPEG,保留,03_260714_D3_櫛田神社_東長寺,29,260714_D3_IMG4105_福岡市區_櫛田神社街景_0029.JPG,03_260714_D3_櫛田神社_東長寺/260714_D3_IMG4105_福岡市區_櫛田神社街景_0029.JPG,move_and_rename,no,否,否,依 D3 日期／行程分類，保留原始 IMG 編號以便回溯
230,IMG_4106.JPG,78ed8d18f0f18cb1685f98ba837bb41f6175a7c7ff5ae448c493f5b3c73f5005,JPEG,保留,03_260714_D3_櫛田神社_東長寺,30,260714_D3_IMG4106_福岡市區_櫛田神社街景_0030.JPG,03_260714_D3_櫛田神社_東長寺/260714_D3_IMG4106_福岡市區_櫛田神社街景_0030.JPG,move_and_rename,no,否,否,依 D3 日期／行程分類，保留原始 IMG 編號以便回溯
231,IMG_4107.JPG,366cc1903a83cf12b382b73d6600ed525c5e9405d1f631c45684efae46dbc329,JPEG,保留,03_260714_D3_櫛田神社_東長寺,31,260714_D3_IMG4107_福岡市區_櫛田神社街景_0031.JPG,03_260714_D3_櫛田神社_東長寺/260714_D3_IMG4107_福岡市區_櫛田神社街景_0031.JPG,move_and_rename,no,否,否,依 D3 日期／行程分類，保留原始 IMG 編號以便回溯
232,IMG_4108.JPG,ee289ce7d9ee8c2b44c4efb7cca4910d5d2ce09e84795af96f71880e76610986,JPEG,保留,03_260714_D3_櫛田神社_東長寺,32,260714_D3_IMG4108_福岡市區_櫛田神社街景_0032.JPG,03_260714_D3_櫛田神社_東長寺/260714_D3_IMG4108_福岡市區_櫛田神社街景_0032.JPG,move_and_rename,no,否,否,依 D3 日期／行程分類，保留原始 IMG 編號以便回溯
233,IMG_4109.JPG,7ecbdaac928baa10949fb6c35825b9b62ad4e8c319c9e9374f5613de099b004d,JPEG,保留,03_260714_D3_櫛田神社_東長寺,33,260714_D3_IMG4109_福岡市區_櫛田神社街景_0033.JPG,03_260714_D3_櫛田神社_東長寺/260714_D3_IMG4109_福岡市區_櫛田神社街景_0033.JPG,move_and_rename,no,否,否,依 D3 日期／行程分類，保留原始 IMG 編號以便回溯
234,IMG_4110.JPG,ab9ca50f250b7f5913fd5ac29e432e5514bcead330ebdc8dbc5cc6c84b45bd5f,JPEG,保留,03_260714_D3_櫛田神社_東長寺,34,260714_D3_IMG4110_福岡市區_櫛田神社街景_0034.JPG,03_260714_D3_櫛田神社_東長寺/260714_D3_IMG4110_福岡市區_櫛田神社街景_0034.JPG,move_and_rename,no,否,否,依 D3 日期／行程分類，保留原始 IMG 編號以便回溯
235,IMG_4111.JPG,c9ffa2d65cc0040a95e3d489c6edd67a692c31995249c67b30825dfee501f03c,JPEG,保留,03_260714_D3_櫛田神社_東長寺,35,260714_D3_IMG4111_福岡市區_櫛田神社街景_0035.JPG,03_260714_D3_櫛田神社_東長寺/260714_D3_IMG4111_福岡市區_櫛田神社街景_0035.JPG,move_and_rename,no,否,否,依 D3 日期／行程分類，保留原始 IMG 編號以便回溯
236,IMG_4112.JPG,0eb20d90138dc5b633bfde71ce7026a9891ca90d55cbcbd3c7022929c7e4c5dd,JPEG,保留,03_260714_D3_櫛田神社_東長寺,36,260714_D3_IMG4112_福岡市區_櫛田神社街景_0036.JPG,03_260714_D3_櫛田神社_東長寺/260714_D3_IMG4112_福岡市區_櫛田神社街景_0036.JPG,move_and_rename,no,否,否,依 D3 日期／行程分類，保留原始 IMG 編號以便回溯
237,IMG_4113.JPG,bd2ae514c27f6909c92bf1e285465fbb98563ad0b32b6aa3451ac07907776324,JPEG,保留,03_260714_D3_櫛田神社_東長寺,37,260714_D3_IMG4113_福岡市區_櫛田神社街景_0037.JPG,03_260714_D3_櫛田神社_東長寺/260714_D3_IMG4113_福岡市區_櫛田神社街景_0037.JPG,move_and_rename,no,否,否,依 D3 日期／行程分類，保留原始 IMG 編號以便回溯
238,IMG_4114.JPG,10cdd689e7cfd897e3c8dde2724bddb15767aef6849ef4fe6bc72faa68583e64,JPEG,保留,03_260714_D3_櫛田神社_東長寺,38,260714_D3_IMG4114_福岡市區_櫛田神社街景_0038.JPG,03_260714_D3_櫛田神社_東長寺/260714_D3_IMG4114_福岡市區_櫛田神社街景_0038.JPG,move_and_rename,no,否,否,依 D3 日期／行程分類，保留原始 IMG 編號以便回溯
239,IMG_4115.JPG,d4790f4e8b36ac3f193b4c240162e51a27cd7eb804d1e1d4c4cae1f08d37128e,JPEG,保留,03_260714_D3_櫛田神社_東長寺,39,260714_D3_IMG4115_福岡市區_櫛田神社街景_0039.JPG,03_260714_D3_櫛田神社_東長寺/260714_D3_IMG4115_福岡市區_櫛田神社街景_0039.JPG,move_and_rename,no,否,否,依 D3 日期／行程分類，保留原始 IMG 編號以便回溯
240,IMG_4116.JPG,87b07df1316a590ae606cac2bc6011198e020561497b851cd5e5387d25b96eba,JPEG,保留,03_260714_D3_櫛田神社_東長寺,40,260714_D3_IMG4116_福岡市區_櫛田神社街景_0040.JPG,03_260714_D3_櫛田神社_東長寺/260714_D3_IMG4116_福岡市區_櫛田神社街景_0040.JPG,move_and_rename,no,否,否,依 D3 日期／行程分類，保留原始 IMG 編號以便回溯
241,IMG_4117.JPG,af99eaee63e50345049d246860e1482e8e53d0b9659ae4ebacc367d06b91f8ea,JPEG,保留,03_260714_D3_櫛田神社_東長寺,41,260714_D3_IMG4117_福岡市區_櫛田神社街景_0041.JPG,03_260714_D3_櫛田神社_東長寺/260714_D3_IMG4117_福岡市區_櫛田神社街景_0041.JPG,move_and_rename,no,否,否,依 D3 日期／行程分類，保留原始 IMG 編號以便回溯
242,IMG_4118.JPG,127e2ce38ab7edd28f59edd56982468ecc71186f4ee28957787c5c3651b282f1,JPEG,保留,03_260714_D3_櫛田神社_東長寺,42,260714_D3_IMG4118_福岡市區_櫛田神社街景_0042.JPG,03_260714_D3_櫛田神社_東長寺/260714_D3_IMG4118_福岡市區_櫛田神社街景_0042.JPG,move_and_rename,no,否,否,依 D3 日期／行程分類，保留原始 IMG 編號以便回溯
243,IMG_4119.JPG,4db9d7035138e0b2742d870734ddc996710fc693c209b7d0d832f33f30a28759,JPEG,保留,03_260714_D3_櫛田神社_東長寺,43,260714_D3_IMG4119_福岡市區_櫛田神社街景_0043.JPG,03_260714_D3_櫛田神社_東長寺/260714_D3_IMG4119_福岡市區_櫛田神社街景_0043.JPG,move_and_rename,no,否,否,依 D3 日期／行程分類，保留原始 IMG 編號以便回溯
244,IMG_4120.JPG,ae5b68ac198d2912925fe2d3b327c1d69a6f59d37c7d078dac44bb73ced4eef4,JPEG,保留,03_260714_D3_櫛田神社_東長寺,44,260714_D3_IMG4120_福岡市區_櫛田神社街景_0044.JPG,03_260714_D3_櫛田神社_東長寺/260714_D3_IMG4120_福岡市區_櫛田神社街景_0044.JPG,move_and_rename,no,否,否,依 D3 日期／行程分類，保留原始 IMG 編號以便回溯
245,IMG_4121.JPG,10d22c23b170e1cf9f629c278ad29ca3f5621f987ea9ae6f329c5427fa42e26f,JPEG,保留,03_260714_D3_櫛田神社_東長寺,45,260714_D3_IMG4121_福岡市區_櫛田神社街景_0045.JPG,03_260714_D3_櫛田神社_東長寺/260714_D3_IMG4121_福岡市區_櫛田神社街景_0045.JPG,move_and_rename,no,否,否,依 D3 日期／行程分類，保留原始 IMG 編號以便回溯
246,IMG_4122.JPG,ad6a4ef28c193d8e0c1639f17af1e9c1318cc31ee6575961dffb98436ef22903,JPEG,保留,03_260714_D3_櫛田神社_東長寺,46,260714_D3_IMG4122_福岡市區_櫛田神社街景_0046.JPG,03_260714_D3_櫛田神社_東長寺/260714_D3_IMG4122_福岡市區_櫛田神社街景_0046.JPG,move_and_rename,no,否,否,依 D3 日期／行程分類，保留原始 IMG 編號以便回溯
247,IMG_4123.JPG,267e6aa5f97e134871ad73a4a4c1d64c37bff65d5ff008686828d3c413bbd77b,JPEG,保留,03_260714_D3_櫛田神社_東長寺,47,260714_D3_IMG4123_福岡市區_櫛田神社街景_0047.JPG,03_260714_D3_櫛田神社_東長寺/260714_D3_IMG4123_福岡市區_櫛田神社街景_0047.JPG,move_and_rename,no,否,否,依 D3 日期／行程分類，保留原始 IMG 編號以便回溯
248,IMG_4124.JPG,ba7508ffbee41b8be851e346cd9e752d40cede44c713c55bdf7a6555ec9dd24b,JPEG,保留,03_260714_D3_櫛田神社_東長寺,48,260714_D3_IMG4124_福岡市區_櫛田神社街景_0048.JPG,03_260714_D3_櫛田神社_東長寺/260714_D3_IMG4124_福岡市區_櫛田神社街景_0048.JPG,move_and_rename,no,否,否,依 D3 日期／行程分類，保留原始 IMG 編號以便回溯
249,IMG_4125.JPG,4c498eae31d56eb3aac7934b29709eec0cbe9174052d958973ddbc2e1aa358de,JPEG,保留,03_260714_D3_櫛田神社_東長寺,49,260714_D3_IMG4125_福岡市區_櫛田神社街景_0049.JPG,03_260714_D3_櫛田神社_東長寺/260714_D3_IMG4125_福岡市區_櫛田神社街景_0049.JPG,move_and_rename,no,否,否,依 D3 日期／行程分類，保留原始 IMG 編號以便回溯
250,IMG_4126.JPG,156b02c58643c96a7e02ebe4a798fdfd9ba0147dbe5fd8a137a89dfff97006de,JPEG,保留,03_260714_D3_櫛田神社_東長寺,50,260714_D3_IMG4126_福岡市區_櫛田神社街景_0050.JPG,03_260714_D3_櫛田神社_東長寺/260714_D3_IMG4126_福岡市區_櫛田神社街景_0050.JPG,move_and_rename,no,否,否,依 D3 日期／行程分類，保留原始 IMG 編號以便回溯
251,IMG_4127.JPG,e9387ce2161692f357ed10807c3a3deb8525b4ac05c9eb242d9f4a6f7e5b5551,JPEG,保留,03_260714_D3_櫛田神社_東長寺,1,260714_D3_IMG4127_福岡市區_東長寺寺社_0001.JPG,03_260714_D3_櫛田神社_東長寺/260714_D3_IMG4127_福岡市區_東長寺寺社_0001.JPG,move_and_rename,no,否,否,依 D3 日期／行程分類，保留原始 IMG 編號以便回溯
252,IMG_4128.JPG,9527b058923035c6c077ba8c36efd4ac713fdae2ab52751ac0a19689cd4d38a4,JPEG,保留,03_260714_D3_櫛田神社_東長寺,2,260714_D3_IMG4128_福岡市區_東長寺寺社_0002.JPG,03_260714_D3_櫛田神社_東長寺/260714_D3_IMG4128_福岡市區_東長寺寺社_0002.JPG,move_and_rename,no,否,否,依 D3 日期／行程分類，保留原始 IMG 編號以便回溯
253,IMG_4130.JPG,b7c3e9efca909aa410e1032fa015427b10e0b7dcd027d655a392396b7976e3fb,JPEG,保留,03_260714_D3_櫛田神社_東長寺,3,260714_D3_IMG4130_福岡市區_東長寺寺社_0003.JPG,03_260714_D3_櫛田神社_東長寺/260714_D3_IMG4130_福岡市區_東長寺寺社_0003.JPG,move_and_rename,no,否,否,依 D3 日期／行程分類，保留原始 IMG 編號以便回溯
254,IMG_4131.JPG,a1206a8080e4adecc4e6527d224aab4442051403a7d0c84350e2207735eaf50c,JPEG,保留,03_260714_D3_櫛田神社_東長寺,4,260714_D3_IMG4131_福岡市區_東長寺寺社_0004.JPG,03_260714_D3_櫛田神社_東長寺/260714_D3_IMG4131_福岡市區_東長寺寺社_0004.JPG,move_and_rename,no,否,否,依 D3 日期／行程分類，保留原始 IMG 編號以便回溯
255,IMG_4132.JPG,ff1562be4d43c63e07bbfabe4bd098debf010790e4e7370d9669a938449aaa8b,JPEG,保留,03_260714_D3_櫛田神社_東長寺,5,260714_D3_IMG4132_福岡市區_東長寺寺社_0005.JPG,03_260714_D3_櫛田神社_東長寺/260714_D3_IMG4132_福岡市區_東長寺寺社_0005.JPG,move_and_rename,no,否,否,依 D3 日期／行程分類，保留原始 IMG 編號以便回溯
256,IMG_4133.JPG,09eb2583905a569cacd671cfdbe1481598fcf8fb7dc2e7580360e51f438ec203,JPEG,保留,03_260714_D3_櫛田神社_東長寺,6,260714_D3_IMG4133_福岡市區_東長寺寺社_0006.JPG,03_260714_D3_櫛田神社_東長寺/260714_D3_IMG4133_福岡市區_東長寺寺社_0006.JPG,move_and_rename,no,否,否,依 D3 日期／行程分類，保留原始 IMG 編號以便回溯
257,IMG_4134.JPG,afcdf7ca7a5a5ed479842567d5f46e53e59ee6bbd07447d9e1fc6e42f050e71e,JPEG,保留,03_260714_D3_櫛田神社_東長寺,7,260714_D3_IMG4134_福岡市區_東長寺寺社_0007.JPG,03_260714_D3_櫛田神社_東長寺/260714_D3_IMG4134_福岡市區_東長寺寺社_0007.JPG,move_and_rename,no,否,否,依 D3 日期／行程分類，保留原始 IMG 編號以便回溯
258,IMG_4135.JPG,5d3f0bba7652751acef203bc08b0b7ff9b1f1eed41426a87a0db76a42bb2ed47,JPEG,保留,03_260714_D3_櫛田神社_東長寺,8,260714_D3_IMG4135_福岡市區_東長寺寺社_0008.JPG,03_260714_D3_櫛田神社_東長寺/260714_D3_IMG4135_福岡市區_東長寺寺社_0008.JPG,move_and_rename,no,否,否,依 D3 日期／行程分類，保留原始 IMG 編號以便回溯
259,IMG_4136.JPG,031eb499233ca359c7b7d4a8bee4369d8319d5c02d24ff5194045d1f78af1c70,JPEG,保留,03_260714_D3_櫛田神社_東長寺,9,260714_D3_IMG4136_福岡市區_東長寺寺社_0009.JPG,03_260714_D3_櫛田神社_東長寺/260714_D3_IMG4136_福岡市區_東長寺寺社_0009.JPG,move_and_rename,no,否,否,依 D3 日期／行程分類，保留原始 IMG 編號以便回溯
260,IMG_4137.JPG,550268a69574ae16120f6153c58423cd9a65d48f35f1593c9afe32be6ebf7b58,JPEG,保留,03_260714_D3_櫛田神社_東長寺,10,260714_D3_IMG4137_福岡市區_東長寺寺社_0010.JPG,03_260714_D3_櫛田神社_東長寺/260714_D3_IMG4137_福岡市區_東長寺寺社_0010.JPG,move_and_rename,no,否,否,依 D3 日期／行程分類，保留原始 IMG 編號以便回溯
261,IMG_4138.JPG,a88b527ab9fe5bf66b51219ac1475a12a2cad1778bdd888f7886e738309b4b1c,JPEG,保留,03_260714_D3_櫛田神社_東長寺,11,260714_D3_IMG4138_福岡市區_東長寺寺社_0011.JPG,03_260714_D3_櫛田神社_東長寺/260714_D3_IMG4138_福岡市區_東長寺寺社_0011.JPG,move_and_rename,no,否,否,依 D3 日期／行程分類，保留原始 IMG 編號以便回溯
262,IMG_4139.JPG,ef97a8f815b816edf843b8b0466601d1ac45adfb0b6eb00a06e3b2b354f9267c,JPEG,保留,03_260714_D3_櫛田神社_東長寺,12,260714_D3_IMG4139_福岡市區_東長寺寺社_0012.JPG,03_260714_D3_櫛田神社_東長寺/260714_D3_IMG4139_福岡市區_東長寺寺社_0012.JPG,move_and_rename,no,否,否,依 D3 日期／行程分類，保留原始 IMG 編號以便回溯
263,IMG_4140.JPG,b5ce86ab152e88f60f7b4b9c52d5fb136ea91a617ba2ea6f1e8fde46c1aa473e,JPEG,保留,03_260714_D3_櫛田神社_東長寺,13,260714_D3_IMG4140_福岡市區_東長寺寺社_0013.JPG,03_260714_D3_櫛田神社_東長寺/260714_D3_IMG4140_福岡市區_東長寺寺社_0013.JPG,move_and_rename,no,否,否,依 D3 日期／行程分類，保留原始 IMG 編號以便回溯
264,IMG_4141.JPG,bfd58ebe59fa666b4c0f9332559dafb315bbd69bd3f6c3b150ea88ef99e2dc8f,JPEG,保留,03_260714_D3_櫛田神社_東長寺,14,260714_D3_IMG4141_福岡市區_東長寺寺社_0014.JPG,03_260714_D3_櫛田神社_東長寺/260714_D3_IMG4141_福岡市區_東長寺寺社_0014.JPG,move_and_rename,no,否,否,依 D3 日期／行程分類，保留原始 IMG 編號以便回溯
265,IMG_4142.JPG,eb175c8d447d64218fb3b272fea263af1713d2d768ad9a56b6400c782bca81e8,JPEG,保留,03_260714_D3_櫛田神社_東長寺,15,260714_D3_IMG4142_福岡市區_東長寺寺社_0015.JPG,03_260714_D3_櫛田神社_東長寺/260714_D3_IMG4142_福岡市區_東長寺寺社_0015.JPG,move_and_rename,no,否,否,依 D3 日期／行程分類，保留原始 IMG 編號以便回溯
266,IMG_4143.JPG,afe4426ebd7c6bc63e83d0d76a74ae5282138c59b2c9453c090249b66f585ea9,JPEG,保留,03_260714_D3_櫛田神社_東長寺,16,260714_D3_IMG4143_福岡市區_東長寺寺社_0016.JPG,03_260714_D3_櫛田神社_東長寺/260714_D3_IMG4143_福岡市區_東長寺寺社_0016.JPG,move_and_rename,no,否,否,依 D3 日期／行程分類，保留原始 IMG 編號以便回溯
267,IMG_4144.JPG,823e3342e007dd075a19ab5d7641127ba0b61caee0b3ae6a51940a09abcd2488,JPEG,保留,03_260714_D3_櫛田神社_東長寺,17,260714_D3_IMG4144_福岡市區_東長寺寺社_0017.JPG,03_260714_D3_櫛田神社_東長寺/260714_D3_IMG4144_福岡市區_東長寺寺社_0017.JPG,move_and_rename,no,否,否,依 D3 日期／行程分類，保留原始 IMG 編號以便回溯
268,IMG_4145.JPG,622747a956fd074c22516495319aaea87f5c8334a1477dda95f572cb1ff8b42f,JPEG,保留,03_260714_D3_櫛田神社_東長寺,18,260714_D3_IMG4145_福岡市區_東長寺寺社_0018.JPG,03_260714_D3_櫛田神社_東長寺/260714_D3_IMG4145_福岡市區_東長寺寺社_0018.JPG,move_and_rename,no,否,否,依 D3 日期／行程分類，保留原始 IMG 編號以便回溯
269,IMG_4146.JPG,6bd7dc2a848ce3e0df4cf065d2b89ce552b45201bd8a5e98f2d91df46ba3100e,JPEG,保留,03_260714_D3_櫛田神社_東長寺,19,260714_D3_IMG4146_福岡市區_東長寺寺社_0019.JPG,03_260714_D3_櫛田神社_東長寺/260714_D3_IMG4146_福岡市區_東長寺寺社_0019.JPG,move_and_rename,no,否,否,依 D3 日期／行程分類，保留原始 IMG 編號以便回溯
270,IMG_4147.JPG,5aaf99c638d0b507284cce304d2ea21f06563b7dc35f96fd97a5c83a3e50c281,JPEG,保留,03_260714_D3_櫛田神社_東長寺,20,260714_D3_IMG4147_福岡市區_東長寺寺社_0020.JPG,03_260714_D3_櫛田神社_東長寺/260714_D3_IMG4147_福岡市區_東長寺寺社_0020.JPG,move_and_rename,no,否,否,依 D3 日期／行程分類，保留原始 IMG 編號以便回溯
271,IMG_4148.JPG,76412a40f6dac8785f770a0536392fba1ccd9eaea077906386305c050ee617f2,JPEG,保留,03_260714_D3_櫛田神社_東長寺,21,260714_D3_IMG4148_福岡市區_東長寺寺社_0021.JPG,03_260714_D3_櫛田神社_東長寺/260714_D3_IMG4148_福岡市區_東長寺寺社_0021.JPG,move_and_rename,no,否,否,依 D3 日期／行程分類，保留原始 IMG 編號以便回溯
272,IMG_4149.JPG,ec06a0b2ef323895bf8a37bae75dd20ffdd6e5d8caeab75e0b50416c12376e2b,JPEG,保留,03_260714_D3_櫛田神社_東長寺,22,260714_D3_IMG4149_福岡市區_東長寺寺社_0022.JPG,03_260714_D3_櫛田神社_東長寺/260714_D3_IMG4149_福岡市區_東長寺寺社_0022.JPG,move_and_rename,no,否,否,依 D3 日期／行程分類，保留原始 IMG 編號以便回溯
273,IMG_4150.JPG,8ea9fdcc5cee8ddde534963617790339801ce1dbeb74fea9d88ac3cdefc6d2a7,JPEG,保留,03_260714_D3_櫛田神社_東長寺,23,260714_D3_IMG4150_福岡市區_東長寺寺社_0023.JPG,03_260714_D3_櫛田神社_東長寺/260714_D3_IMG4150_福岡市區_東長寺寺社_0023.JPG,move_and_rename,no,否,否,依 D3 日期／行程分類，保留原始 IMG 編號以便回溯
274,IMG_4151.JPG,738bbb7b03b24b36489a3923d6fd017793a6467667602bd31f513a25c066714f,JPEG,保留,03_260714_D3_櫛田神社_東長寺,24,260714_D3_IMG4151_福岡市區_東長寺寺社_0024.JPG,03_260714_D3_櫛田神社_東長寺/260714_D3_IMG4151_福岡市區_東長寺寺社_0024.JPG,move_and_rename,no,否,否,依 D3 日期／行程分類，保留原始 IMG 編號以便回溯
275,IMG_4152.JPG,648153c8044c9028be134d8bfa252febc42cca3028a2142ab3ec2e25940d0840,JPEG,保留,03_260714_D3_櫛田神社_東長寺,25,260714_D3_IMG4152_福岡市區_東長寺寺社_0025.JPG,03_260714_D3_櫛田神社_東長寺/260714_D3_IMG4152_福岡市區_東長寺寺社_0025.JPG,move_and_rename,no,否,否,依 D3 日期／行程分類，保留原始 IMG 編號以便回溯
276,IMG_4153.JPG,bf7bb4d6a36c4e94bda10cf4f70290fde103d39b2b11dd994baf4a7473c4c351,JPEG,保留,03_260714_D3_櫛田神社_東長寺,26,260714_D3_IMG4153_福岡市區_東長寺寺社_0026.JPG,03_260714_D3_櫛田神社_東長寺/260714_D3_IMG4153_福岡市區_東長寺寺社_0026.JPG,move_and_rename,no,否,否,依 D3 日期／行程分類，保留原始 IMG 編號以便回溯
277,IMG_4154.JPG,4d4a078facec4664c08957fa721c8812d504d842daf634569436a9d902de53b0,JPEG,保留,03_260714_D3_櫛田神社_東長寺,27,260714_D3_IMG4154_福岡市區_東長寺寺社_0027.JPG,03_260714_D3_櫛田神社_東長寺/260714_D3_IMG4154_福岡市區_東長寺寺社_0027.JPG,move_and_rename,no,否,否,依 D3 日期／行程分類，保留原始 IMG 編號以便回溯
278,IMG_4155.JPG,58e3a86685d29089c7bb17f54b946f2824175b86b16718e78c47c2acbef1d3c3,JPEG,保留,03_260714_D3_櫛田神社_東長寺,28,260714_D3_IMG4155_福岡市區_東長寺寺社_0028.JPG,03_260714_D3_櫛田神社_東長寺/260714_D3_IMG4155_福岡市區_東長寺寺社_0028.JPG,move_and_rename,no,否,否,依 D3 日期／行程分類，保留原始 IMG 編號以便回溯
279,IMG_4156.JPG,6c23a8e67a1487ce820498d6b67cefcf78baec7026687ee405c0466bf62ef979,JPEG,保留,03_260714_D3_櫛田神社_東長寺,29,260714_D3_IMG4156_福岡市區_東長寺寺社_0029.JPG,03_260714_D3_櫛田神社_東長寺/260714_D3_IMG4156_福岡市區_東長寺寺社_0029.JPG,move_and_rename,no,否,否,依 D3 日期／行程分類，保留原始 IMG 編號以便回溯
280,IMG_4157.JPG,01028ec8d2ee971aad0a5f27426fceacf00a9117e1ee8daf5b3212720870fff8,JPEG,保留,03_260714_D3_櫛田神社_東長寺,30,260714_D3_IMG4157_福岡市區_東長寺寺社_0030.JPG,03_260714_D3_櫛田神社_東長寺/260714_D3_IMG4157_福岡市區_東長寺寺社_0030.JPG,move_and_rename,no,否,否,依 D3 日期／行程分類，保留原始 IMG 編號以便回溯
281,IMG_4158.JPG,9a93d10d4697435d345d16542ad31f65de9ebcd78ad035ef285cd078b36cbc57,JPEG,保留,03_260714_D3_櫛田神社_東長寺,31,260714_D3_IMG4158_福岡市區_東長寺寺社_0031.JPG,03_260714_D3_櫛田神社_東長寺/260714_D3_IMG4158_福岡市區_東長寺寺社_0031.JPG,move_and_rename,no,否,否,依 D3 日期／行程分類，保留原始 IMG 編號以便回溯
282,IMG_4159.JPG,b096143fe054b6550772c7f2b6ca23ea51f4aca9600d1cc9c076178b4c9c13f2,JPEG,保留,03_260714_D3_櫛田神社_東長寺,32,260714_D3_IMG4159_福岡市區_東長寺寺社_0032.JPG,03_260714_D3_櫛田神社_東長寺/260714_D3_IMG4159_福岡市區_東長寺寺社_0032.JPG,move_and_rename,no,否,否,依 D3 日期／行程分類，保留原始 IMG 編號以便回溯
283,IMG_4160.JPG,185fb1f25058a4ae2c7d2bab78af6881798b9f2984e0ffad199bfbf5a4afb69f,JPEG,保留,03_260714_D3_櫛田神社_東長寺,33,260714_D3_IMG4160_福岡市區_東長寺寺社_0033.JPG,03_260714_D3_櫛田神社_東長寺/260714_D3_IMG4160_福岡市區_東長寺寺社_0033.JPG,move_and_rename,no,否,否,依 D3 日期／行程分類，保留原始 IMG 編號以便回溯
284,IMG_4161.JPG,524c3616f23b9e38915de22085ff3ff3b9f36ebba68f6e7f15b73bbc8c03b7a7,JPEG,保留,03_260714_D3_櫛田神社_東長寺,34,260714_D3_IMG4161_福岡市區_東長寺寺社_0034.JPG,03_260714_D3_櫛田神社_東長寺/260714_D3_IMG4161_福岡市區_東長寺寺社_0034.JPG,move_and_rename,no,否,否,依 D3 日期／行程分類，保留原始 IMG 編號以便回溯
285,IMG_4162.JPG,e1435ac568735650d218ac2c42d210a2ed10cdee09a31b678d7ca204f4c0960b,JPEG,保留,03_260714_D3_櫛田神社_東長寺,35,260714_D3_IMG4162_福岡市區_東長寺寺社_0035.JPG,03_260714_D3_櫛田神社_東長寺/260714_D3_IMG4162_福岡市區_東長寺寺社_0035.JPG,move_and_rename,no,否,否,依 D3 日期／行程分類，保留原始 IMG 編號以便回溯
286,IMG_4163.JPG,cd53b612c6585d25922f57c5ccea45c702a7223ce841decca7ea953d346864f4,JPEG,保留,03_260714_D3_櫛田神社_東長寺,36,260714_D3_IMG4163_福岡市區_東長寺寺社_0036.JPG,03_260714_D3_櫛田神社_東長寺/260714_D3_IMG4163_福岡市區_東長寺寺社_0036.JPG,move_and_rename,no,否,否,依 D3 日期／行程分類，保留原始 IMG 編號以便回溯
287,IMG_4164.JPG,2d082a92148e8822177b6eea81af6454a6d13130767e6fea8ddf80738f910674,JPEG,保留,03_260714_D3_櫛田神社_東長寺,37,260714_D3_IMG4164_福岡市區_東長寺寺社_0037.JPG,03_260714_D3_櫛田神社_東長寺/260714_D3_IMG4164_福岡市區_東長寺寺社_0037.JPG,move_and_rename,no,否,否,依 D3 日期／行程分類，保留原始 IMG 編號以便回溯
288,IMG_4165.JPG,2d632535ead7acb801a9b1e96d42e737b059bcf7c711547896ae8d5187ec8921,JPEG,保留,03_260714_D3_櫛田神社_東長寺,38,260714_D3_IMG4165_福岡市區_東長寺寺社_0038.JPG,03_260714_D3_櫛田神社_東長寺/260714_D3_IMG4165_福岡市區_東長寺寺社_0038.JPG,move_and_rename,no,否,否,依 D3 日期／行程分類，保留原始 IMG 編號以便回溯
289,IMG_4166.JPG,9b5a7cf5366053995f2f6980435c6a269c80f8529d4f6547cebf58000c603fb9,JPEG,保留,03_260714_D3_櫛田神社_東長寺,39,260714_D3_IMG4166_福岡市區_東長寺寺社_0039.JPG,03_260714_D3_櫛田神社_東長寺/260714_D3_IMG4166_福岡市區_東長寺寺社_0039.JPG,move_and_rename,no,否,否,依 D3 日期／行程分類，保留原始 IMG 編號以便回溯
290,IMG_4167.JPG,5cdd59fdac68a884b86de75e8e32c9238a5e6f7920ad2260f3306a1f7b7b18d3,JPEG,保留,03_260714_D3_櫛田神社_東長寺,40,260714_D3_IMG4167_福岡市區_東長寺寺社_0040.JPG,03_260714_D3_櫛田神社_東長寺/260714_D3_IMG4167_福岡市區_東長寺寺社_0040.JPG,move_and_rename,no,否,否,依 D3 日期／行程分類，保留原始 IMG 編號以便回溯
291,IMG_4169.JPG,06fff566bfb0fb2813a21ab923bdb8b277d0a2e1ee35bed7b8d638e109d93dbd,JPEG,保留,03_260714_D3_櫛田神社_東長寺,41,260714_D3_IMG4169_福岡市區_東長寺寺社_0041.JPG,03_260714_D3_櫛田神社_東長寺/260714_D3_IMG4169_福岡市區_東長寺寺社_0041.JPG,move_and_rename,no,否,否,依 D3 日期／行程分類，保留原始 IMG 編號以便回溯
292,IMG_4170.JPG,88036a87cdfd5bbfdf2a2212a3f9a45519d82c6c3f345bc27a46fc19dd74588a,JPEG,保留,03_260714_D3_櫛田神社_東長寺,42,260714_D3_IMG4170_福岡市區_東長寺寺社_0042.JPG,03_260714_D3_櫛田神社_東長寺/260714_D3_IMG4170_福岡市區_東長寺寺社_0042.JPG,move_and_rename,no,否,否,依 D3 日期／行程分類，保留原始 IMG 編號以便回溯
293,IMG_4171.JPG,d20c44feb47e4c239fb6f3f5a0ddc2ed41382daf80f9d0e9231363c829afe9e2,JPEG,保留,03_260714_D3_櫛田神社_東長寺,43,260714_D3_IMG4171_福岡市區_東長寺寺社_0043.JPG,03_260714_D3_櫛田神社_東長寺/260714_D3_IMG4171_福岡市區_東長寺寺社_0043.JPG,move_and_rename,no,否,否,依 D3 日期／行程分類，保留原始 IMG 編號以便回溯
294,IMG_4172.JPG,c606c4d7507e85094cf1e886aed5b1e7d20874ce884437b15c1dcef8bb12ed9a,JPEG,保留,03_260714_D3_櫛田神社_東長寺,44,260714_D3_IMG4172_福岡市區_東長寺寺社_0044.JPG,03_260714_D3_櫛田神社_東長寺/260714_D3_IMG4172_福岡市區_東長寺寺社_0044.JPG,move_and_rename,no,否,否,依 D3 日期／行程分類，保留原始 IMG 編號以便回溯
295,IMG_4173.JPG,908ef2a7bc905521a31daca53497e8abc1a1a24b6acd379aff7dee0ce459c464,JPEG,保留,03_260714_D3_櫛田神社_東長寺,45,260714_D3_IMG4173_福岡市區_東長寺寺社_0045.JPG,03_260714_D3_櫛田神社_東長寺/260714_D3_IMG4173_福岡市區_東長寺寺社_0045.JPG,move_and_rename,no,否,否,依 D3 日期／行程分類，保留原始 IMG 編號以便回溯
296,IMG_4174.JPG,d80c9d587ee505f881bd67939e1522d1ee7d432f18f405e8f3a13357c524ebbb,JPEG,保留,03_260714_D3_櫛田神社_東長寺,46,260714_D3_IMG4174_福岡市區_東長寺寺社_0046.JPG,03_260714_D3_櫛田神社_東長寺/260714_D3_IMG4174_福岡市區_東長寺寺社_0046.JPG,move_and_rename,no,否,否,依 D3 日期／行程分類，保留原始 IMG 編號以便回溯
297,IMG_4175.JPG,7bb54d94943d1535e9832a45616109763a8884aa712d5ceb6ad63d45dada956d,JPEG,保留,03_260714_D3_櫛田神社_東長寺,47,260714_D3_IMG4175_福岡市區_東長寺寺社_0047.JPG,03_260714_D3_櫛田神社_東長寺/260714_D3_IMG4175_福岡市區_東長寺寺社_0047.JPG,move_and_rename,no,否,否,依 D3 日期／行程分類，保留原始 IMG 編號以便回溯
298,IMG_4176.JPG,ce8eedf4857e5605ead93aa9fba0d41fbc64083fcb984a78943d947d1043f738,JPEG,保留,03_260714_D3_櫛田神社_東長寺,48,260714_D3_IMG4176_福岡市區_東長寺寺社_0048.JPG,03_260714_D3_櫛田神社_東長寺/260714_D3_IMG4176_福岡市區_東長寺寺社_0048.JPG,move_and_rename,no,否,否,依 D3 日期／行程分類，保留原始 IMG 編號以便回溯
299,IMG_4177.JPG,b8b5de31c9d5b9cc48bbf2853f23a8b74507103cc2b2cedba1cc24d0c659b797,JPEG,保留,03_260714_D3_櫛田神社_東長寺,49,260714_D3_IMG4177_福岡市區_東長寺寺社_0049.JPG,03_260714_D3_櫛田神社_東長寺/260714_D3_IMG4177_福岡市區_東長寺寺社_0049.JPG,move_and_rename,no,否,否,依 D3 日期／行程分類，保留原始 IMG 編號以便回溯
300,IMG_4178.JPG,2cd0bbf8b7ef21f616c6def2614725654899ee992d231657ff41c148fd772b74,JPEG,保留,03_260714_D3_櫛田神社_東長寺,50,260714_D3_IMG4178_福岡市區_東長寺寺社_0050.JPG,03_260714_D3_櫛田神社_東長寺/260714_D3_IMG4178_福岡市區_東長寺寺社_0050.JPG,move_and_rename,no,否,否,依 D3 日期／行程分類，保留原始 IMG 編號以便回溯
301,IMG_4179.JPG,85daa33efbd9ca8190c19421aa56b909e867af10da6c39c6156c2e879cab7b4f,JPEG,保留,03_260714_D3_櫛田神社_東長寺,1,260714_D3_IMG4179_福岡市區_烘焙餐食_0001.JPG,03_260714_D3_櫛田神社_東長寺/260714_D3_IMG4179_福岡市區_烘焙餐食_0001.JPG,move_and_rename,no,否,否,依 D3 日期／行程分類，保留原始 IMG 編號以便回溯
302,IMG_4180.JPG,3734495d169eee67d1f1548c3fe9559568cfa121a8200f538f8c2514100fedf3,JPEG,保留,03_260714_D3_櫛田神社_東長寺,2,260714_D3_IMG4180_福岡市區_烘焙餐食_0002.JPG,03_260714_D3_櫛田神社_東長寺/260714_D3_IMG4180_福岡市區_烘焙餐食_0002.JPG,move_and_rename,no,否,否,依 D3 日期／行程分類，保留原始 IMG 編號以便回溯
303,IMG_4181.JPG,f4ce0f1a5987610da12c6ba2fc2c52a86dd013f3612c153b54f74047fb72862a,JPEG,保留,03_260714_D3_櫛田神社_東長寺,3,260714_D3_IMG4181_福岡市區_烘焙餐食_0003.JPG,03_260714_D3_櫛田神社_東長寺/260714_D3_IMG4181_福岡市區_烘焙餐食_0003.JPG,move_and_rename,no,否,否,依 D3 日期／行程分類，保留原始 IMG 編號以便回溯
304,IMG_4182.JPG,37046965820a6bdbf7105d7f5ebb603cf58bd9e3f01552f829471efc27e21700,JPEG,保留,03_260714_D3_櫛田神社_東長寺,4,260714_D3_IMG4182_福岡市區_烘焙餐食_0004.JPG,03_260714_D3_櫛田神社_東長寺/260714_D3_IMG4182_福岡市區_烘焙餐食_0004.JPG,move_and_rename,no,否,否,依 D3 日期／行程分類，保留原始 IMG 編號以便回溯
305,IMG_4183.JPG,e1d33c65b150046fbe8b9b4c4831ae5801a61539a6cb72f45e940f0c0a627980,JPEG,保留,03_260714_D3_櫛田神社_東長寺,5,260714_D3_IMG4183_福岡市區_烘焙餐食_0005.JPG,03_260714_D3_櫛田神社_東長寺/260714_D3_IMG4183_福岡市區_烘焙餐食_0005.JPG,move_and_rename,no,否,否,依 D3 日期／行程分類，保留原始 IMG 編號以便回溯
306,IMG_4184.JPG,565e2a0550cb3fdc698d300ec21a3ea6bc25faeb0686d8f51a6db1d5065b0b5e,JPEG,保留,03_260714_D3_櫛田神社_東長寺,6,260714_D3_IMG4184_福岡市區_烘焙餐食_0006.JPG,03_260714_D3_櫛田神社_東長寺/260714_D3_IMG4184_福岡市區_烘焙餐食_0006.JPG,move_and_rename,no,否,否,依 D3 日期／行程分類，保留原始 IMG 編號以便回溯
307,IMG_4185.JPG,1cafec64e2281019a0993cf6d6f37e9eb8909b1c1b148c3640c3cd67c033cc3a,JPEG,保留,03_260714_D3_櫛田神社_東長寺,7,260714_D3_IMG4185_福岡市區_烘焙餐食_0007.JPG,03_260714_D3_櫛田神社_東長寺/260714_D3_IMG4185_福岡市區_烘焙餐食_0007.JPG,move_and_rename,no,否,否,依 D3 日期／行程分類，保留原始 IMG 編號以便回溯
308,IMG_4186.JPG,952024aa0775ce419eca1baceac606e36d22eebae9ceb46f954b401205d5ee35,JPEG,保留,03_260714_D3_櫛田神社_東長寺,8,260714_D3_IMG4186_福岡市區_烘焙餐食_0008.JPG,03_260714_D3_櫛田神社_東長寺/260714_D3_IMG4186_福岡市區_烘焙餐食_0008.JPG,move_and_rename,no,否,否,依 D3 日期／行程分類，保留原始 IMG 編號以便回溯
309,IMG_4187.JPG,f89c25c9bc15d9e05c05156946a661dc29075e5175973380f6555dfc3b9d3a73,JPEG,保留,03_260714_D3_櫛田神社_東長寺,9,260714_D3_IMG4187_福岡市區_烘焙餐食_0009.JPG,03_260714_D3_櫛田神社_東長寺/260714_D3_IMG4187_福岡市區_烘焙餐食_0009.JPG,move_and_rename,no,否,否,依 D3 日期／行程分類，保留原始 IMG 編號以便回溯
310,IMG_4188.JPG,d7a1897159bdb1c0ec8fc2dbeb8c5d2688347b2b55d1988e17102a2170e6868d,JPEG,保留,03_260714_D3_櫛田神社_東長寺,10,260714_D3_IMG4188_福岡市區_烘焙餐食_0010.JPG,03_260714_D3_櫛田神社_東長寺/260714_D3_IMG4188_福岡市區_烘焙餐食_0010.JPG,move_and_rename,no,否,否,依 D3 日期／行程分類，保留原始 IMG 編號以便回溯
311,IMG_4189.JPG,f512a8f5588fa802c32c4330511f997ef417f93c815dbcf86b417b5beb4c3619,JPEG,保留,03_260714_D3_櫛田神社_東長寺,11,260714_D3_IMG4189_福岡市區_烘焙餐食_0011.JPG,03_260714_D3_櫛田神社_東長寺/260714_D3_IMG4189_福岡市區_烘焙餐食_0011.JPG,move_and_rename,no,否,否,依 D3 日期／行程分類，保留原始 IMG 編號以便回溯
312,IMG_4190.JPG,ac8ecce8fc878f0c682695de92a2e1f0d578e3508a05471da7cee0ec8d13a8f6,JPEG,保留,03_260714_D3_櫛田神社_東長寺,12,260714_D3_IMG4190_福岡市區_烘焙餐食_0012.JPG,03_260714_D3_櫛田神社_東長寺/260714_D3_IMG4190_福岡市區_烘焙餐食_0012.JPG,move_and_rename,no,否,否,依 D3 日期／行程分類，保留原始 IMG 編號以便回溯
313,IMG_4191.JPG,99e07cc453d377fe19883f84e2aefd2c533cef61a8908b330fbd19a4660332e4,JPEG,保留,03_260714_D3_櫛田神社_東長寺,13,260714_D3_IMG4191_福岡市區_烘焙餐食_0013.JPG,03_260714_D3_櫛田神社_東長寺/260714_D3_IMG4191_福岡市區_烘焙餐食_0013.JPG,move_and_rename,no,否,否,依 D3 日期／行程分類，保留原始 IMG 編號以便回溯
314,IMG_4192.JPG,983abfefd763619ab8eba64582bd897a24423cb271dcb8a0d86273a0f61e99cc,JPEG,保留,03_260714_D3_櫛田神社_東長寺,14,260714_D3_IMG4192_福岡市區_烘焙餐食_0014.JPG,03_260714_D3_櫛田神社_東長寺/260714_D3_IMG4192_福岡市區_烘焙餐食_0014.JPG,move_and_rename,no,否,否,依 D3 日期／行程分類，保留原始 IMG 編號以便回溯
315,IMG_4193.JPG,3aa21f48c66dc25a965e7772e98331c9547c850265ba2b4e5f0f70a1802f7fc7,JPEG,保留,03_260714_D3_櫛田神社_東長寺,15,260714_D3_IMG4193_福岡市區_烘焙餐食_0015.JPG,03_260714_D3_櫛田神社_東長寺/260714_D3_IMG4193_福岡市區_烘焙餐食_0015.JPG,move_and_rename,no,否,否,依 D3 日期／行程分類，保留原始 IMG 編號以便回溯
316,IMG_4195.JPG,a6b4d05d107b995f85f9477e63066fa26b4d2202bba69318cabeb1375370de51,JPEG,保留,03_260714_D3_櫛田神社_東長寺,16,260714_D3_IMG4195_福岡市區_烘焙餐食_0016.JPG,03_260714_D3_櫛田神社_東長寺/260714_D3_IMG4195_福岡市區_烘焙餐食_0016.JPG,move_and_rename,no,否,否,依 D3 日期／行程分類，保留原始 IMG 編號以便回溯
317,IMG_4196.JPG,0e1637dcc53b82d31f0429c60780bbab9c193acb582e64ce8a04db6fd8f28112,JPEG,保留,03_260714_D3_櫛田神社_東長寺,17,260714_D3_IMG4196_福岡市區_烘焙餐食_0017.JPG,03_260714_D3_櫛田神社_東長寺/260714_D3_IMG4196_福岡市區_烘焙餐食_0017.JPG,move_and_rename,no,否,否,依 D3 日期／行程分類，保留原始 IMG 編號以便回溯
318,IMG_4197.JPG,b40695c83da41c473ebdcff36f854d1e1262f7fb346b9777d78e00576caf8476,JPEG,保留,03_260714_D3_櫛田神社_東長寺,18,260714_D3_IMG4197_福岡市區_烘焙餐食_0018.JPG,03_260714_D3_櫛田神社_東長寺/260714_D3_IMG4197_福岡市區_烘焙餐食_0018.JPG,move_and_rename,no,否,是,依 D3 日期／行程分類，保留原始 IMG 編號以便回溯
319,IMG_4198.JPG,7c9ca4ce5aefe95fe343ab3c32c73feb06bac3a6f34af728a6638c7f78cab3b6,JPEG,保留,03_260714_D3_櫛田神社_東長寺,19,260714_D3_IMG4198_福岡市區_烘焙餐食_0019.JPG,03_260714_D3_櫛田神社_東長寺/260714_D3_IMG4198_福岡市區_烘焙餐食_0019.JPG,move_and_rename,no,否,否,依 D3 日期／行程分類，保留原始 IMG 編號以便回溯
320,IMG_4199.JPG,b3176da50a7c60dffb38fbe895e83680d69f1fb22f8df89ebfd435d6a9b51256,JPEG,保留,03_260714_D3_櫛田神社_東長寺,20,260714_D3_IMG4199_福岡市區_烘焙餐食_0020.JPG,03_260714_D3_櫛田神社_東長寺/260714_D3_IMG4199_福岡市區_烘焙餐食_0020.JPG,move_and_rename,no,否,否,依 D3 日期／行程分類，保留原始 IMG 編號以便回溯
321,IMG_4200.JPG,3f661062b64d000bd33212562c4dc28706207dc6710140e9255b082e25c7d1c6,JPEG,保留,03_260714_D3_櫛田神社_東長寺,21,260714_D3_IMG4200_福岡市區_烘焙餐食_0021.JPG,03_260714_D3_櫛田神社_東長寺/260714_D3_IMG4200_福岡市區_烘焙餐食_0021.JPG,move_and_rename,no,否,否,依 D3 日期／行程分類，保留原始 IMG 編號以便回溯
322,IMG_4201.JPG,a0ad96ce3bf45ffb541f075cace42ff721338b83943e5dec0d7ff5d73253285b,JPEG,保留,03_260714_D3_櫛田神社_東長寺,22,260714_D3_IMG4201_福岡市區_烘焙餐食_0022.JPG,03_260714_D3_櫛田神社_東長寺/260714_D3_IMG4201_福岡市區_烘焙餐食_0022.JPG,move_and_rename,no,否,否,依 D3 日期／行程分類，保留原始 IMG 編號以便回溯
323,IMG_4202.JPG,4162cd444f8110709798ab22d0842f35fe19ba8352cb764ae384008f03cf7be0,JPEG,保留,03_260714_D3_櫛田神社_東長寺,23,260714_D3_IMG4202_福岡市區_烘焙餐食_0023.JPG,03_260714_D3_櫛田神社_東長寺/260714_D3_IMG4202_福岡市區_烘焙餐食_0023.JPG,move_and_rename,no,否,否,依 D3 日期／行程分類，保留原始 IMG 編號以便回溯
324,IMG_4203.JPG,ee0a4a92c66dd658933bf40e0c2c7f10cf337c0ae5f460b5e0c3498d4f995adb,JPEG,保留,03_260714_D3_櫛田神社_東長寺,24,260714_D3_IMG4203_福岡市區_烘焙餐食_0024.JPG,03_260714_D3_櫛田神社_東長寺/260714_D3_IMG4203_福岡市區_烘焙餐食_0024.JPG,move_and_rename,no,否,否,依 D3 日期／行程分類，保留原始 IMG 編號以便回溯
325,IMG_4204.JPG,739204ab0dbe4f527cb6d285f167806220f13d5c21e071f9a2362fb9236c6d78,JPEG,保留,03_260714_D3_櫛田神社_東長寺,25,260714_D3_IMG4204_福岡市區_烘焙餐食_0025.JPG,03_260714_D3_櫛田神社_東長寺/260714_D3_IMG4204_福岡市區_烘焙餐食_0025.JPG,move_and_rename,no,否,否,依 D3 日期／行程分類，保留原始 IMG 編號以便回溯
326,IMG_4205.JPG,377077ee7267369a1fa2b4cf7b4240cc2fb18e3d4f7e762422aec635ee2064e6,JPEG,保留,03_260714_D3_櫛田神社_東長寺,26,260714_D3_IMG4205_福岡市區_烘焙餐食_0026.JPG,03_260714_D3_櫛田神社_東長寺/260714_D3_IMG4205_福岡市區_烘焙餐食_0026.JPG,move_and_rename,no,否,否,依 D3 日期／行程分類，保留原始 IMG 編號以便回溯
327,IMG_4206.JPG,b0862f542340b25c48372d6efef2e61f99d70ab37be1f4d5f15899690edeeb56,JPEG,保留,03_260714_D3_櫛田神社_東長寺,27,260714_D3_IMG4206_福岡市區_烘焙餐食_0027.JPG,03_260714_D3_櫛田神社_東長寺/260714_D3_IMG4206_福岡市區_烘焙餐食_0027.JPG,move_and_rename,no,否,否,依 D3 日期／行程分類，保留原始 IMG 編號以便回溯
328,IMG_4207.JPG,b8cb44ec1ea2a1d9d6454f60f6e6a4633fc3a957da096facf34eab2366b77a1f,JPEG,保留,03_260714_D3_櫛田神社_東長寺,28,260714_D3_IMG4207_福岡市區_烘焙餐食_0028.JPG,03_260714_D3_櫛田神社_東長寺/260714_D3_IMG4207_福岡市區_烘焙餐食_0028.JPG,move_and_rename,no,否,否,依 D3 日期／行程分類，保留原始 IMG 編號以便回溯
329,IMG_4208.JPG,89551534c17fcc3ef0ca2e5262da17928902a90669039467bb57ba8ba6341337,JPEG,保留,03_260714_D3_櫛田神社_東長寺,29,260714_D3_IMG4208_福岡市區_烘焙餐食_0029.JPG,03_260714_D3_櫛田神社_東長寺/260714_D3_IMG4208_福岡市區_烘焙餐食_0029.JPG,move_and_rename,no,否,否,依 D3 日期／行程分類，保留原始 IMG 編號以便回溯
330,IMG_4209.JPG,cb0f528ab605cad52c59355421770b3c9b646b122f4e47d849fdef6dbad6440d,JPEG,保留,03_260714_D3_櫛田神社_東長寺,30,260714_D3_IMG4209_福岡市區_烘焙餐食_0030.JPG,03_260714_D3_櫛田神社_東長寺/260714_D3_IMG4209_福岡市區_烘焙餐食_0030.JPG,move_and_rename,no,否,否,依 D3 日期／行程分類，保留原始 IMG 編號以便回溯
331,IMG_4210.JPG,ebdc35e65b6350abfc507686ec2eae738453541e41c134a845c3e7d1fd8de090,JPEG,保留,03_260714_D3_櫛田神社_東長寺,31,260714_D3_IMG4210_福岡市區_烘焙餐食_0031.JPG,03_260714_D3_櫛田神社_東長寺/260714_D3_IMG4210_福岡市區_烘焙餐食_0031.JPG,move_and_rename,no,否,否,依 D3 日期／行程分類，保留原始 IMG 編號以便回溯
332,IMG_4211.JPG,460ad53d15baa2e4dac9c8d4153d025e56cf70a738673cd37b74cd22b99ff040,JPEG,保留,03_260714_D3_櫛田神社_東長寺,32,260714_D3_IMG4211_福岡市區_烘焙餐食_0032.JPG,03_260714_D3_櫛田神社_東長寺/260714_D3_IMG4211_福岡市區_烘焙餐食_0032.JPG,move_and_rename,no,否,否,依 D3 日期／行程分類，保留原始 IMG 編號以便回溯
333,IMG_4212.JPG,85c74528a198d48bfe4c29a90814225a51c1c5b3ca824e12e2f610eb7efc8347,JPEG,保留,03_260714_D3_櫛田神社_東長寺,33,260714_D3_IMG4212_福岡市區_烘焙餐食_0033.JPG,03_260714_D3_櫛田神社_東長寺/260714_D3_IMG4212_福岡市區_烘焙餐食_0033.JPG,move_and_rename,no,否,否,依 D3 日期／行程分類，保留原始 IMG 編號以便回溯
334,IMG_4213.JPG,14f3cef3c5b3e95e7d16398af9d77935be41d8f3411f3ef75f1d3828958fb53f,JPEG,保留,03_260714_D3_櫛田神社_東長寺,34,260714_D3_IMG4213_福岡市區_烘焙餐食_0034.JPG,03_260714_D3_櫛田神社_東長寺/260714_D3_IMG4213_福岡市區_烘焙餐食_0034.JPG,move_and_rename,no,否,否,依 D3 日期／行程分類，保留原始 IMG 編號以便回溯
335,IMG_4214.JPG,00d22973a10db71f533201cdc9b1023fbe18c4906ba827d19cda80e14ffad22c,JPEG,保留,03_260714_D3_櫛田神社_東長寺,35,260714_D3_IMG4214_福岡市區_烘焙餐食_0035.JPG,03_260714_D3_櫛田神社_東長寺/260714_D3_IMG4214_福岡市區_烘焙餐食_0035.JPG,move_and_rename,no,否,否,依 D3 日期／行程分類，保留原始 IMG 編號以便回溯
336,IMG_4215.JPG,17ae0a59a39b3db1348d7349fef84e0e3d39a052903fde28a5468544f5bae232,JPEG,保留,03_260714_D3_櫛田神社_東長寺,36,260714_D3_IMG4215_福岡市區_烘焙餐食_0036.JPG,03_260714_D3_櫛田神社_東長寺/260714_D3_IMG4215_福岡市區_烘焙餐食_0036.JPG,move_and_rename,no,否,否,依 D3 日期／行程分類，保留原始 IMG 編號以便回溯
337,IMG_4216.JPG,612105143d9ec71deb286b569b3363a9307e54c31aaae174ed11b79c3bbc0491,JPEG,保留,03_260714_D3_櫛田神社_東長寺,37,260714_D3_IMG4216_福岡市區_烘焙餐食_0037.JPG,03_260714_D3_櫛田神社_東長寺/260714_D3_IMG4216_福岡市區_烘焙餐食_0037.JPG,move_and_rename,no,否,否,依 D3 日期／行程分類，保留原始 IMG 編號以便回溯
338,IMG_4217.JPG,c149a35a6295216f5f97b941b9dcdd0fc9b969c77b1aa0ead68c071ad8fbef60,JPEG,保留,03_260714_D3_櫛田神社_東長寺,38,260714_D3_IMG4217_福岡市區_烘焙餐食_0038.JPG,03_260714_D3_櫛田神社_東長寺/260714_D3_IMG4217_福岡市區_烘焙餐食_0038.JPG,move_and_rename,no,否,否,依 D3 日期／行程分類，保留原始 IMG 編號以便回溯
339,IMG_4218.JPG,438ebacc0fa2d9c615385731b5b233818674510cb847ef8f8e3d60ef1eae5c86,JPEG,保留,03_260714_D3_櫛田神社_東長寺,39,260714_D3_IMG4218_福岡市區_烘焙餐食_0039.JPG,03_260714_D3_櫛田神社_東長寺/260714_D3_IMG4218_福岡市區_烘焙餐食_0039.JPG,move_and_rename,no,否,否,依 D3 日期／行程分類，保留原始 IMG 編號以便回溯
340,IMG_4219.JPG,9a85e75ebc3d0b434a3186d54fc61cc7d0039038b5419abc478ba91be6503535,JPEG,保留,03_260714_D3_櫛田神社_東長寺,40,260714_D3_IMG4219_福岡市區_烘焙餐食_0040.JPG,03_260714_D3_櫛田神社_東長寺/260714_D3_IMG4219_福岡市區_烘焙餐食_0040.JPG,move_and_rename,no,否,否,依 D3 日期／行程分類，保留原始 IMG 編號以便回溯
341,IMG_4220.JPG,e67380c031ca775b852c74f50407b36140f1ce95d10e83297fe7adf07999cf86,JPEG,保留,03_260714_D3_櫛田神社_東長寺,41,260714_D3_IMG4220_福岡市區_烘焙餐食_0041.JPG,03_260714_D3_櫛田神社_東長寺/260714_D3_IMG4220_福岡市區_烘焙餐食_0041.JPG,move_and_rename,no,否,否,依 D3 日期／行程分類，保留原始 IMG 編號以便回溯
342,IMG_4221.JPG,bc7e006161e324a60a8e3f0c13f5d365b3871171832964374ec2624252dc2093,JPEG,保留,03_260714_D3_櫛田神社_東長寺,42,260714_D3_IMG4221_福岡市區_烘焙餐食_0042.JPG,03_260714_D3_櫛田神社_東長寺/260714_D3_IMG4221_福岡市區_烘焙餐食_0042.JPG,move_and_rename,no,否,否,依 D3 日期／行程分類，保留原始 IMG 編號以便回溯
343,IMG_4222.JPG,4e3c543633510d2162d2dd8027ad6d886abc8b7b9f18ee245ef27575db1a1b7b,JPEG,保留,03_260714_D3_櫛田神社_東長寺,43,260714_D3_IMG4222_福岡市區_烘焙餐食_0043.JPG,03_260714_D3_櫛田神社_東長寺/260714_D3_IMG4222_福岡市區_烘焙餐食_0043.JPG,move_and_rename,no,否,否,依 D3 日期／行程分類，保留原始 IMG 編號以便回溯
344,IMG_4223.JPG,fa51cdf9fd3fb61c8f8b192fb92142e4c5bf9cdebeb17e61f550ecea6b70a531,JPEG,保留,03_260714_D3_櫛田神社_東長寺,44,260714_D3_IMG4223_福岡市區_烘焙餐食_0044.JPG,03_260714_D3_櫛田神社_東長寺/260714_D3_IMG4223_福岡市區_烘焙餐食_0044.JPG,move_and_rename,no,否,否,依 D3 日期／行程分類，保留原始 IMG 編號以便回溯
345,IMG_4224.JPG,44ca4ab2558dc75b54a8d987fe241ae55d0f9748eea0168f2f2407649fb392c1,JPEG,保留,03_260714_D3_櫛田神社_東長寺,45,260714_D3_IMG4224_福岡市區_烘焙餐食_0045.JPG,03_260714_D3_櫛田神社_東長寺/260714_D3_IMG4224_福岡市區_烘焙餐食_0045.JPG,move_and_rename,no,否,否,依 D3 日期／行程分類，保留原始 IMG 編號以便回溯
346,IMG_4225.JPG,94c4537115e1568b3f3b98a689210d6eab06b9cdfae594f2a141f9c19448574d,JPEG,保留,03_260714_D3_櫛田神社_東長寺,46,260714_D3_IMG4225_福岡市區_烘焙餐食_0046.JPG,03_260714_D3_櫛田神社_東長寺/260714_D3_IMG4225_福岡市區_烘焙餐食_0046.JPG,move_and_rename,no,否,否,依 D3 日期／行程分類，保留原始 IMG 編號以便回溯
347,IMG_4226.JPG,aa5ad36d90bee0cf41506ec00bc3f195af14a7cc25223485d7529ddb143bf76d,JPEG,保留,03_260714_D3_櫛田神社_東長寺,47,260714_D3_IMG4226_福岡市區_烘焙餐食_0047.JPG,03_260714_D3_櫛田神社_東長寺/260714_D3_IMG4226_福岡市區_烘焙餐食_0047.JPG,move_and_rename,no,否,否,依 D3 日期／行程分類，保留原始 IMG 編號以便回溯
348,IMG_4227.JPG,87859e4f1cb929aff66dd1d9bc1f9be4c65730ab141b8ce1a7797b1be2ef2299,JPEG,保留,03_260714_D3_櫛田神社_東長寺,48,260714_D3_IMG4227_福岡市區_烘焙餐食_0048.JPG,03_260714_D3_櫛田神社_東長寺/260714_D3_IMG4227_福岡市區_烘焙餐食_0048.JPG,move_and_rename,no,否,否,依 D3 日期／行程分類，保留原始 IMG 編號以便回溯
349,IMG_4228.JPG,2407c0cd89234c4c282eefc17a98c868b2d437d1404c3bf9a72641ea13b3c7d1,JPEG,保留,03_260714_D3_櫛田神社_東長寺,49,260714_D3_IMG4228_福岡市區_烘焙餐食_0049.JPG,03_260714_D3_櫛田神社_東長寺/260714_D3_IMG4228_福岡市區_烘焙餐食_0049.JPG,move_and_rename,no,否,否,依 D3 日期／行程分類，保留原始 IMG 編號以便回溯
350,IMG_4229.JPG,6dfe3bd8905e02934f82bc35b969c8e3d28e4327e2d13e16dcf3262080680724,JPEG,保留,03_260714_D3_櫛田神社_東長寺,50,260714_D3_IMG4229_福岡市區_烘焙餐食_0050.JPG,03_260714_D3_櫛田神社_東長寺/260714_D3_IMG4229_福岡市區_烘焙餐食_0050.JPG,move_and_rename,no,否,否,依 D3 日期／行程分類，保留原始 IMG 編號以便回溯
351,IMG_4230.JPG,85400f1e56354da012844bf602c3417ad73ba9c0c4ddf7631ff46a8c4a3e1170,JPEG,保留,04_260715_D4_LaLaport_Gundam_中洲,1,260715_D4_IMG4230_LaLaport_Gundam城市祭典_0001.JPG,04_260715_D4_LaLaport_Gundam_中洲/260715_D4_IMG4230_LaLaport_Gundam城市祭典_0001.JPG,move_and_rename,no,否,否,依 D4 日期／行程分類，保留原始 IMG 編號以便回溯
352,IMG_4231.JPG,61724c93e7f277cf23a8a919ce516bb328f4f12023d786fc44210300c54c4403,JPEG,保留,04_260715_D4_LaLaport_Gundam_中洲,2,260715_D4_IMG4231_LaLaport_Gundam城市祭典_0002.JPG,04_260715_D4_LaLaport_Gundam_中洲/260715_D4_IMG4231_LaLaport_Gundam城市祭典_0002.JPG,move_and_rename,no,否,否,依 D4 日期／行程分類，保留原始 IMG 編號以便回溯
353,IMG_4232.JPG,c841b7c4cb3860b50d8b3a20ea46250a313cd4278a367594bfdce5cf0879474a,JPEG,保留,04_260715_D4_LaLaport_Gundam_中洲,3,260715_D4_IMG4232_LaLaport_Gundam城市祭典_0003.JPG,04_260715_D4_LaLaport_Gundam_中洲/260715_D4_IMG4232_LaLaport_Gundam城市祭典_0003.JPG,move_and_rename,no,否,否,依 D4 日期／行程分類，保留原始 IMG 編號以便回溯
354,IMG_4233.JPG,113d5a50391caae75858adff437470bb12d44d2715d77eb80821f54433b695cd,JPEG,保留,04_260715_D4_LaLaport_Gundam_中洲,4,260715_D4_IMG4233_LaLaport_Gundam城市祭典_0004.JPG,04_260715_D4_LaLaport_Gundam_中洲/260715_D4_IMG4233_LaLaport_Gundam城市祭典_0004.JPG,move_and_rename,no,否,否,依 D4 日期／行程分類，保留原始 IMG 編號以便回溯
355,IMG_4234.JPG,2b9b576e7be633dfe1aa4580edda2a3345926f95075323c2501038e9f6c7d656,JPEG,保留,04_260715_D4_LaLaport_Gundam_中洲,5,260715_D4_IMG4234_LaLaport_Gundam城市祭典_0005.JPG,04_260715_D4_LaLaport_Gundam_中洲/260715_D4_IMG4234_LaLaport_Gundam城市祭典_0005.JPG,move_and_rename,no,否,否,依 D4 日期／行程分類，保留原始 IMG 編號以便回溯
356,IMG_4235.JPG,4d2b92649be62f590596dc981128fe8e78b601613df60369280acbe9528f1254,JPEG,保留,04_260715_D4_LaLaport_Gundam_中洲,6,260715_D4_IMG4235_LaLaport_Gundam城市祭典_0006.JPG,04_260715_D4_LaLaport_Gundam_中洲/260715_D4_IMG4235_LaLaport_Gundam城市祭典_0006.JPG,move_and_rename,no,否,否,依 D4 日期／行程分類，保留原始 IMG 編號以便回溯
357,IMG_4236.JPG,dee9c2a76cbdc7670fadff2f1f3fc62b2be159380acd6c33577638ebc314fdac,JPEG,保留,04_260715_D4_LaLaport_Gundam_中洲,7,260715_D4_IMG4236_LaLaport_Gundam城市祭典_0007.JPG,04_260715_D4_LaLaport_Gundam_中洲/260715_D4_IMG4236_LaLaport_Gundam城市祭典_0007.JPG,move_and_rename,no,否,否,依 D4 日期／行程分類，保留原始 IMG 編號以便回溯
358,IMG_4237.JPG,44a8d3ee877c7e30d8b5087221643fafc96786fe0c2400977eee9af01eb71f1b,JPEG,保留,04_260715_D4_LaLaport_Gundam_中洲,8,260715_D4_IMG4237_LaLaport_Gundam城市祭典_0008.JPG,04_260715_D4_LaLaport_Gundam_中洲/260715_D4_IMG4237_LaLaport_Gundam城市祭典_0008.JPG,move_and_rename,no,是,否,依 D4 日期／行程分類，保留原始 IMG 編號以便回溯
359,IMG_4238.JPG,b56c53d8ab864e57be484adfefb12a5114480cc714f59b238e1f25b66d8067c1,JPEG,保留,04_260715_D4_LaLaport_Gundam_中洲,9,260715_D4_IMG4238_LaLaport_Gundam城市祭典_0009.JPG,04_260715_D4_LaLaport_Gundam_中洲/260715_D4_IMG4238_LaLaport_Gundam城市祭典_0009.JPG,move_and_rename,no,否,否,依 D4 日期／行程分類，保留原始 IMG 編號以便回溯
360,IMG_4239.JPG,4bcef23b6e06831f6ab1c3eb68a486d01444e98ea20d01060760691d92c1ffa1,JPEG,保留,04_260715_D4_LaLaport_Gundam_中洲,10,260715_D4_IMG4239_LaLaport_Gundam城市祭典_0010.JPG,04_260715_D4_LaLaport_Gundam_中洲/260715_D4_IMG4239_LaLaport_Gundam城市祭典_0010.JPG,move_and_rename,no,否,否,依 D4 日期／行程分類，保留原始 IMG 編號以便回溯
361,IMG_4240.JPG,cead2e6a0f3c0da7c42709b67b84a012a22c1269686f7e9908584a09fcd34250,JPEG,保留,04_260715_D4_LaLaport_Gundam_中洲,11,260715_D4_IMG4240_LaLaport_Gundam城市祭典_0011.JPG,04_260715_D4_LaLaport_Gundam_中洲/260715_D4_IMG4240_LaLaport_Gundam城市祭典_0011.JPG,move_and_rename,no,否,否,依 D4 日期／行程分類，保留原始 IMG 編號以便回溯
362,IMG_4241.JPG,c51cf48d8233a029c625f1ee305e5600f3b4328ec8ca27fff351935104329326,JPEG,保留,04_260715_D4_LaLaport_Gundam_中洲,12,260715_D4_IMG4241_LaLaport_Gundam城市祭典_0012.JPG,04_260715_D4_LaLaport_Gundam_中洲/260715_D4_IMG4241_LaLaport_Gundam城市祭典_0012.JPG,move_and_rename,no,否,否,依 D4 日期／行程分類，保留原始 IMG 編號以便回溯
363,IMG_4242.JPG,00a647e7e50ff29dc3c55f29d509535ff3c0d3cb4e87a12748294e351cc0223a,JPEG,保留,04_260715_D4_LaLaport_Gundam_中洲,13,260715_D4_IMG4242_LaLaport_Gundam城市祭典_0013.JPG,04_260715_D4_LaLaport_Gundam_中洲/260715_D4_IMG4242_LaLaport_Gundam城市祭典_0013.JPG,move_and_rename,no,否,否,依 D4 日期／行程分類，保留原始 IMG 編號以便回溯
364,IMG_4243.JPG,9627e4faa5d651545f5242bb331dbdbba3617774ff130de1898dd9f3c952e748,JPEG,保留,04_260715_D4_LaLaport_Gundam_中洲,14,260715_D4_IMG4243_LaLaport_Gundam城市祭典_0014.JPG,04_260715_D4_LaLaport_Gundam_中洲/260715_D4_IMG4243_LaLaport_Gundam城市祭典_0014.JPG,move_and_rename,no,否,否,依 D4 日期／行程分類，保留原始 IMG 編號以便回溯
365,IMG_4244.JPG,98241813523be005524b96ee57847f645b96bce9a3045004046210839a75ce9e,JPEG,保留,04_260715_D4_LaLaport_Gundam_中洲,15,260715_D4_IMG4244_LaLaport_Gundam城市祭典_0015.JPG,04_260715_D4_LaLaport_Gundam_中洲/260715_D4_IMG4244_LaLaport_Gundam城市祭典_0015.JPG,move_and_rename,no,是,否,依 D4 日期／行程分類，保留原始 IMG 編號以便回溯
366,IMG_4245.JPG,6b824ab2db27286e2344a47fe34a4e1c19d47acbddf6a92dc7e65ad6ce8548d0,JPEG,保留,04_260715_D4_LaLaport_Gundam_中洲,16,260715_D4_IMG4245_LaLaport_Gundam城市祭典_0016.JPG,04_260715_D4_LaLaport_Gundam_中洲/260715_D4_IMG4245_LaLaport_Gundam城市祭典_0016.JPG,move_and_rename,no,否,否,依 D4 日期／行程分類，保留原始 IMG 編號以便回溯
367,IMG_4246.JPG,266a9b5b402c373a4760b3c51aeaa8b29d1f4596c1eadc12efd914a04470cb48,JPEG,保留,04_260715_D4_LaLaport_Gundam_中洲,17,260715_D4_IMG4246_LaLaport_Gundam城市祭典_0017.JPG,04_260715_D4_LaLaport_Gundam_中洲/260715_D4_IMG4246_LaLaport_Gundam城市祭典_0017.JPG,move_and_rename,no,否,否,依 D4 日期／行程分類，保留原始 IMG 編號以便回溯
368,IMG_4247.JPG,9866387dd0663c4a99f586dd99ac740f4ef4bf5caa14e1779030d57b20a10ca3,JPEG,保留,04_260715_D4_LaLaport_Gundam_中洲,18,260715_D4_IMG4247_LaLaport_Gundam城市祭典_0018.JPG,04_260715_D4_LaLaport_Gundam_中洲/260715_D4_IMG4247_LaLaport_Gundam城市祭典_0018.JPG,move_and_rename,no,否,否,依 D4 日期／行程分類，保留原始 IMG 編號以便回溯
369,IMG_4248.JPG,191df771f8e53ce32bd8e553dbce2e4a9ca7f2ddd378b5bec85465feff54e672,JPEG,保留,04_260715_D4_LaLaport_Gundam_中洲,19,260715_D4_IMG4248_LaLaport_Gundam城市祭典_0019.JPG,04_260715_D4_LaLaport_Gundam_中洲/260715_D4_IMG4248_LaLaport_Gundam城市祭典_0019.JPG,move_and_rename,no,否,否,依 D4 日期／行程分類，保留原始 IMG 編號以便回溯
370,IMG_4249.MOV,6a4c073f6bebd4bb23a343b42033401bdf49deb0adaaf5d37833ab6d35b5e9bf,MOV,保留,04_260715_D4_LaLaport_Gundam_中洲,20,260715_D4_IMG4249_LaLaport_Gundam城市祭典_0020.MOV,04_260715_D4_LaLaport_Gundam_中洲/260715_D4_IMG4249_LaLaport_Gundam城市祭典_0020.MOV,move_and_rename,no,否,否,依 D4 日期／行程分類，保留原始 IMG 編號以便回溯
371,IMG_4250.JPG,303ac5c3273455404c25df7cd48a76c4d484a2cd6524e4d8d453dca75acbe54f,JPEG,保留,04_260715_D4_LaLaport_Gundam_中洲,21,260715_D4_IMG4250_LaLaport_Gundam城市祭典_0021.JPG,04_260715_D4_LaLaport_Gundam_中洲/260715_D4_IMG4250_LaLaport_Gundam城市祭典_0021.JPG,move_and_rename,no,否,否,依 D4 日期／行程分類，保留原始 IMG 編號以便回溯
372,IMG_4251.JPG,8392e9ee62f54910a4e83682d1d49eb926c17ff67e56a7a586fc2d495983e11e,JPEG,保留,04_260715_D4_LaLaport_Gundam_中洲,22,260715_D4_IMG4251_LaLaport_Gundam城市祭典_0022.JPG,04_260715_D4_LaLaport_Gundam_中洲/260715_D4_IMG4251_LaLaport_Gundam城市祭典_0022.JPG,move_and_rename,no,是,否,依 D4 日期／行程分類，保留原始 IMG 編號以便回溯
373,IMG_4252.JPG,284ff05470a0290349f745fb72f3b01561218bc2d8d1824a3b5a08a10f5ea009,JPEG,保留,04_260715_D4_LaLaport_Gundam_中洲,23,260715_D4_IMG4252_LaLaport_Gundam城市祭典_0023.JPG,04_260715_D4_LaLaport_Gundam_中洲/260715_D4_IMG4252_LaLaport_Gundam城市祭典_0023.JPG,move_and_rename,no,否,否,依 D4 日期／行程分類，保留原始 IMG 編號以便回溯
374,IMG_4253.JPG,b71fd4d2f223b44c6f2b332bd0c4cddb3868015bffb331b773ec4f280cf91798,JPEG,保留,04_260715_D4_LaLaport_Gundam_中洲,24,260715_D4_IMG4253_LaLaport_Gundam城市祭典_0024.JPG,04_260715_D4_LaLaport_Gundam_中洲/260715_D4_IMG4253_LaLaport_Gundam城市祭典_0024.JPG,move_and_rename,no,否,否,依 D4 日期／行程分類，保留原始 IMG 編號以便回溯
375,IMG_4254.JPG,885de5767d7dd5ac67d7dab474edc6fe989e524d90810b493b8593809c6e170a,JPEG,保留,04_260715_D4_LaLaport_Gundam_中洲,25,260715_D4_IMG4254_LaLaport_Gundam城市祭典_0025.JPG,04_260715_D4_LaLaport_Gundam_中洲/260715_D4_IMG4254_LaLaport_Gundam城市祭典_0025.JPG,move_and_rename,no,否,否,依 D4 日期／行程分類，保留原始 IMG 編號以便回溯
376,IMG_4255.JPG,3142742757bc0723763e4dadf00e22c6453380e57e28dea056551c0a172461d6,JPEG,保留,04_260715_D4_LaLaport_Gundam_中洲,26,260715_D4_IMG4255_LaLaport_Gundam城市祭典_0026.JPG,04_260715_D4_LaLaport_Gundam_中洲/260715_D4_IMG4255_LaLaport_Gundam城市祭典_0026.JPG,move_and_rename,no,否,否,依 D4 日期／行程分類，保留原始 IMG 編號以便回溯
377,IMG_4256.JPG,fecbebf49ed9112ada0af0d69851d8f923a2da611c446e17c261703c2bba0bd9,JPEG,保留,04_260715_D4_LaLaport_Gundam_中洲,27,260715_D4_IMG4256_LaLaport_Gundam城市祭典_0027.JPG,04_260715_D4_LaLaport_Gundam_中洲/260715_D4_IMG4256_LaLaport_Gundam城市祭典_0027.JPG,move_and_rename,no,否,否,依 D4 日期／行程分類，保留原始 IMG 編號以便回溯
378,IMG_4257.JPG,7de8c5eaad3c3d3788f7b2d5e61a72cc5e753932c32147f2a4ff8bddcc7304ae,JPEG,保留,04_260715_D4_LaLaport_Gundam_中洲,28,260715_D4_IMG4257_LaLaport_Gundam城市祭典_0028.JPG,04_260715_D4_LaLaport_Gundam_中洲/260715_D4_IMG4257_LaLaport_Gundam城市祭典_0028.JPG,move_and_rename,no,否,否,依 D4 日期／行程分類，保留原始 IMG 編號以便回溯
379,IMG_4258.JPG,daa47108c3b89750e1e468ec96d220b6b477e73f1e016930af046a4026dd6c86,JPEG,保留,04_260715_D4_LaLaport_Gundam_中洲,29,260715_D4_IMG4258_LaLaport_Gundam城市祭典_0029.JPG,04_260715_D4_LaLaport_Gundam_中洲/260715_D4_IMG4258_LaLaport_Gundam城市祭典_0029.JPG,move_and_rename,no,是,是,依 D4 日期／行程分類，保留原始 IMG 編號以便回溯
380,IMG_4259.JPG,0a144e76e7a1691099d0361f46dcf457d368063d76f92da35a063b6da9463747,JPEG,保留,04_260715_D4_LaLaport_Gundam_中洲,30,260715_D4_IMG4259_LaLaport_Gundam城市祭典_0030.JPG,04_260715_D4_LaLaport_Gundam_中洲/260715_D4_IMG4259_LaLaport_Gundam城市祭典_0030.JPG,move_and_rename,no,否,否,依 D4 日期／行程分類，保留原始 IMG 編號以便回溯
381,IMG_4260.JPG,04a222300164b56866e40e39f8cc80decb09087bf953a5149e4a669eacc708b2,JPEG,保留,04_260715_D4_LaLaport_Gundam_中洲,31,260715_D4_IMG4260_LaLaport_Gundam城市祭典_0031.JPG,04_260715_D4_LaLaport_Gundam_中洲/260715_D4_IMG4260_LaLaport_Gundam城市祭典_0031.JPG,move_and_rename,no,否,否,依 D4 日期／行程分類，保留原始 IMG 編號以便回溯
382,IMG_4261.JPG,b1055b91c778469fa0a122044e5fc926634d610e504689d895b744949554b5aa,JPEG,保留,04_260715_D4_LaLaport_Gundam_中洲,32,260715_D4_IMG4261_LaLaport_Gundam城市祭典_0032.JPG,04_260715_D4_LaLaport_Gundam_中洲/260715_D4_IMG4261_LaLaport_Gundam城市祭典_0032.JPG,move_and_rename,no,否,否,依 D4 日期／行程分類，保留原始 IMG 編號以便回溯
383,IMG_4262.JPG,7ac5670d95f3bc29fcf2fac01248896f02780a5aa373f81bff7094182d004b24,JPEG,保留,04_260715_D4_LaLaport_Gundam_中洲,33,260715_D4_IMG4262_LaLaport_Gundam城市祭典_0033.JPG,04_260715_D4_LaLaport_Gundam_中洲/260715_D4_IMG4262_LaLaport_Gundam城市祭典_0033.JPG,move_and_rename,no,否,否,依 D4 日期／行程分類，保留原始 IMG 編號以便回溯
384,IMG_4263.JPG,9c63c87dddde52b4b13acdacd17a10db71d3782b4182c186bec8d1cef004b491,JPEG,保留,04_260715_D4_LaLaport_Gundam_中洲,34,260715_D4_IMG4263_LaLaport_Gundam城市祭典_0034.JPG,04_260715_D4_LaLaport_Gundam_中洲/260715_D4_IMG4263_LaLaport_Gundam城市祭典_0034.JPG,move_and_rename,no,否,否,依 D4 日期／行程分類，保留原始 IMG 編號以便回溯
385,IMG_4264.PNG,875b57a17f44bae098903a6eb5ad52fc2ed8804022c06c3b54252686de232757,PNG,保留,04_260715_D4_LaLaport_Gundam_中洲,35,260715_D4_IMG4264_LaLaport_Gundam城市祭典_0035.PNG,04_260715_D4_LaLaport_Gundam_中洲/260715_D4_IMG4264_LaLaport_Gundam城市祭典_0035.PNG,move_and_rename,no,否,否,依 D4 日期／行程分類，保留原始 IMG 編號以便回溯
386,IMG_4265.JPG,50e9b2b5d122dfc7dbc53f1ba0c4b2a1328fdb14824e6e4a1ec0d9637c4bca79,JPEG,保留,04_260715_D4_LaLaport_Gundam_中洲,36,260715_D4_IMG4265_LaLaport_Gundam城市祭典_0036.JPG,04_260715_D4_LaLaport_Gundam_中洲/260715_D4_IMG4265_LaLaport_Gundam城市祭典_0036.JPG,move_and_rename,no,是,否,依 D4 日期／行程分類，保留原始 IMG 編號以便回溯
387,IMG_4266.JPG,ccd11a3d6d10a1eb96880bf7cb59fcecdadf0dff9fe2896c896a50caa78e1a8e,JPEG,保留,04_260715_D4_LaLaport_Gundam_中洲,37,260715_D4_IMG4266_LaLaport_Gundam城市祭典_0037.JPG,04_260715_D4_LaLaport_Gundam_中洲/260715_D4_IMG4266_LaLaport_Gundam城市祭典_0037.JPG,move_and_rename,no,否,否,依 D4 日期／行程分類，保留原始 IMG 編號以便回溯
388,IMG_4268.JPG,f88ace0c28a4366627af59562623ea88c2f6fc803f1ce6ee140c448b3be14061,JPEG,保留,04_260715_D4_LaLaport_Gundam_中洲,38,260715_D4_IMG4268_LaLaport_Gundam城市祭典_0038.JPG,04_260715_D4_LaLaport_Gundam_中洲/260715_D4_IMG4268_LaLaport_Gundam城市祭典_0038.JPG,move_and_rename,no,否,否,依 D4 日期／行程分類，保留原始 IMG 編號以便回溯
389,IMG_4269.JPG,746bfa08d636d4717e4106f0eb1d09b868779b3e1c82e1c412704b992f6b4fec,JPEG,保留,04_260715_D4_LaLaport_Gundam_中洲,39,260715_D4_IMG4269_LaLaport_Gundam城市祭典_0039.JPG,04_260715_D4_LaLaport_Gundam_中洲/260715_D4_IMG4269_LaLaport_Gundam城市祭典_0039.JPG,move_and_rename,no,否,否,依 D4 日期／行程分類，保留原始 IMG 編號以便回溯
390,IMG_4270.JPG,b44222a185255c7c58b352e831efd69cb1bb3b8ef98e1caaeba26f445cfe6c1c,JPEG,保留,04_260715_D4_LaLaport_Gundam_中洲,40,260715_D4_IMG4270_LaLaport_Gundam城市祭典_0040.JPG,04_260715_D4_LaLaport_Gundam_中洲/260715_D4_IMG4270_LaLaport_Gundam城市祭典_0040.JPG,move_and_rename,no,否,否,依 D4 日期／行程分類，保留原始 IMG 編號以便回溯
391,IMG_4271.JPG,538787f6205fec4d26eebdd2213de7941ec93b53aea3f4e13edb4ae77c2c5858,JPEG,保留,04_260715_D4_LaLaport_Gundam_中洲,41,260715_D4_IMG4271_LaLaport_Gundam城市祭典_0041.JPG,04_260715_D4_LaLaport_Gundam_中洲/260715_D4_IMG4271_LaLaport_Gundam城市祭典_0041.JPG,move_and_rename,no,否,否,依 D4 日期／行程分類，保留原始 IMG 編號以便回溯
392,IMG_4272.JPG,461aac565f3b28a68e4d10a372dd1ebaaedfa635a7b9f690551b5a3777e710dc,JPEG,保留,04_260715_D4_LaLaport_Gundam_中洲,42,260715_D4_IMG4272_LaLaport_Gundam城市祭典_0042.JPG,04_260715_D4_LaLaport_Gundam_中洲/260715_D4_IMG4272_LaLaport_Gundam城市祭典_0042.JPG,move_and_rename,no,否,否,依 D4 日期／行程分類，保留原始 IMG 編號以便回溯
393,IMG_4274.JPG,58400bf82ede6f5a68f5664a61bb91e66c7638b9980b2b7e65b3668a4f99cf72,JPEG,保留,04_260715_D4_LaLaport_Gundam_中洲,43,260715_D4_IMG4274_LaLaport_Gundam城市祭典_0043.JPG,04_260715_D4_LaLaport_Gundam_中洲/260715_D4_IMG4274_LaLaport_Gundam城市祭典_0043.JPG,move_and_rename,no,否,否,依 D4 日期／行程分類，保留原始 IMG 編號以便回溯
394,IMG_4275.JPG,e825b8a4c19712b239e8eb42c115e14e99859bcbba4492abc86c5bb5d99b26b1,JPEG,保留,04_260715_D4_LaLaport_Gundam_中洲,44,260715_D4_IMG4275_LaLaport_Gundam城市祭典_0044.JPG,04_260715_D4_LaLaport_Gundam_中洲/260715_D4_IMG4275_LaLaport_Gundam城市祭典_0044.JPG,move_and_rename,no,是,否,依 D4 日期／行程分類，保留原始 IMG 編號以便回溯
395,IMG_4276.JPG,2d3dc89f4b6b9c22c8c1306c37c22e11d219bbba4167860285df59970459c27a,JPEG,保留,04_260715_D4_LaLaport_Gundam_中洲,45,260715_D4_IMG4276_LaLaport_Gundam城市祭典_0045.JPG,04_260715_D4_LaLaport_Gundam_中洲/260715_D4_IMG4276_LaLaport_Gundam城市祭典_0045.JPG,move_and_rename,no,否,否,依 D4 日期／行程分類，保留原始 IMG 編號以便回溯
396,IMG_4277.JPG,33255d1b0f181486e9aadf3c78cae6faafb0aa36033c67394f1767a649ea8377,JPEG,保留,04_260715_D4_LaLaport_Gundam_中洲,46,260715_D4_IMG4277_LaLaport_Gundam城市祭典_0046.JPG,04_260715_D4_LaLaport_Gundam_中洲/260715_D4_IMG4277_LaLaport_Gundam城市祭典_0046.JPG,move_and_rename,no,否,否,依 D4 日期／行程分類，保留原始 IMG 編號以便回溯
397,IMG_4278.JPG,dc78354a6032c6704dd686be147a14cbd10fab54e9b90498b5b1becb73d8ad65,JPEG,保留,04_260715_D4_LaLaport_Gundam_中洲,47,260715_D4_IMG4278_LaLaport_Gundam城市祭典_0047.JPG,04_260715_D4_LaLaport_Gundam_中洲/260715_D4_IMG4278_LaLaport_Gundam城市祭典_0047.JPG,move_and_rename,no,否,否,依 D4 日期／行程分類，保留原始 IMG 編號以便回溯
398,IMG_4279.PNG,31739d1766a46d3527161bc100bd719959da1cdbad85c69c731c3d681606c413,PNG,保留,04_260715_D4_LaLaport_Gundam_中洲,48,260715_D4_IMG4279_LaLaport_Gundam城市祭典_0048.PNG,04_260715_D4_LaLaport_Gundam_中洲/260715_D4_IMG4279_LaLaport_Gundam城市祭典_0048.PNG,move_and_rename,no,否,否,依 D4 日期／行程分類，保留原始 IMG 編號以便回溯
399,IMG_4281.JPG,b32587638f5333a8ae9cfc68b79fa0d20781f2b5b738667b3d836ae3d2d6e13c,JPEG,保留,04_260715_D4_LaLaport_Gundam_中洲,49,260715_D4_IMG4281_LaLaport_Gundam城市祭典_0049.JPG,04_260715_D4_LaLaport_Gundam_中洲/260715_D4_IMG4281_LaLaport_Gundam城市祭典_0049.JPG,move_and_rename,no,否,否,依 D4 日期／行程分類，保留原始 IMG 編號以便回溯
400,IMG_4282.JPG,5fccbe5d1a697d629545eaa982534db62e4ebdeecc03979abc17afc2e074dd4e,JPEG,保留,04_260715_D4_LaLaport_Gundam_中洲,50,260715_D4_IMG4282_LaLaport_Gundam城市祭典_0050.JPG,04_260715_D4_LaLaport_Gundam_中洲/260715_D4_IMG4282_LaLaport_Gundam城市祭典_0050.JPG,move_and_rename,no,否,否,依 D4 日期／行程分類，保留原始 IMG 編號以便回溯
401,IMG_4284.JPG,2d16c5f7f7fbde20c32a12ac51fcb77397dbe645018389ce18258d9d4acecf4d,JPEG,保留,04_260715_D4_LaLaport_Gundam_中洲,51,260715_D4_IMG4284_LaLaport_Gundam城市祭典_0051.JPG,04_260715_D4_LaLaport_Gundam_中洲/260715_D4_IMG4284_LaLaport_Gundam城市祭典_0051.JPG,move_and_rename,no,否,否,依 D4 日期／行程分類，保留原始 IMG 編號以便回溯
402,IMG_4285.JPG,bde49e52b25f269cc29b258cc476e59dcb13fccfc002b95db23a554563b58fb2,JPEG,保留,04_260715_D4_LaLaport_Gundam_中洲,52,260715_D4_IMG4285_LaLaport_Gundam城市祭典_0052.JPG,04_260715_D4_LaLaport_Gundam_中洲/260715_D4_IMG4285_LaLaport_Gundam城市祭典_0052.JPG,move_and_rename,no,是,否,依 D4 日期／行程分類，保留原始 IMG 編號以便回溯
403,IMG_4286.JPG,3a59a8c8fcaad943a1d6e667d53fbf10256baef44f27628f49137f17acd041a7,JPEG,保留,04_260715_D4_LaLaport_Gundam_中洲,53,260715_D4_IMG4286_LaLaport_Gundam城市祭典_0053.JPG,04_260715_D4_LaLaport_Gundam_中洲/260715_D4_IMG4286_LaLaport_Gundam城市祭典_0053.JPG,move_and_rename,no,否,否,依 D4 日期／行程分類，保留原始 IMG 編號以便回溯
404,IMG_4287.JPG,d79eb19743ca1b40a268cb2cc6b0a34481cb9d316aea024b214fa9f42472e8bb,JPEG,保留,04_260715_D4_LaLaport_Gundam_中洲,54,260715_D4_IMG4287_LaLaport_Gundam城市祭典_0054.JPG,04_260715_D4_LaLaport_Gundam_中洲/260715_D4_IMG4287_LaLaport_Gundam城市祭典_0054.JPG,move_and_rename,no,否,否,依 D4 日期／行程分類，保留原始 IMG 編號以便回溯
405,IMG_4288.JPG,f71a4c8cd19597fe6f1b6c302a8ff57f90365d948428f216aed5d48200c7dfca,JPEG,保留,04_260715_D4_LaLaport_Gundam_中洲,55,260715_D4_IMG4288_LaLaport_Gundam城市祭典_0055.JPG,04_260715_D4_LaLaport_Gundam_中洲/260715_D4_IMG4288_LaLaport_Gundam城市祭典_0055.JPG,move_and_rename,no,否,否,依 D4 日期／行程分類，保留原始 IMG 編號以便回溯
406,IMG_4289.JPG,8a1d21d4d9122379960fef1a4e0fbf914d0ff0518179ab30d8e33eb68bbab2bd,JPEG,保留,04_260715_D4_LaLaport_Gundam_中洲,56,260715_D4_IMG4289_LaLaport_Gundam城市祭典_0056.JPG,04_260715_D4_LaLaport_Gundam_中洲/260715_D4_IMG4289_LaLaport_Gundam城市祭典_0056.JPG,move_and_rename,no,否,否,依 D4 日期／行程分類，保留原始 IMG 編號以便回溯
407,IMG_4290.JPG,7905270514efb1f8ddc797fd2b8d504bed5e29a0bf55fc6f30d0a25162d65683,JPEG,保留,04_260715_D4_LaLaport_Gundam_中洲,57,260715_D4_IMG4290_LaLaport_Gundam城市祭典_0057.JPG,04_260715_D4_LaLaport_Gundam_中洲/260715_D4_IMG4290_LaLaport_Gundam城市祭典_0057.JPG,move_and_rename,no,否,否,依 D4 日期／行程分類，保留原始 IMG 編號以便回溯
408,IMG_4291.JPG,07adbc421874c1befaf5945e1c139defa896a91346a0ad0049d612cf6dc665e1,JPEG,保留,04_260715_D4_LaLaport_Gundam_中洲,58,260715_D4_IMG4291_LaLaport_Gundam城市祭典_0058.JPG,04_260715_D4_LaLaport_Gundam_中洲/260715_D4_IMG4291_LaLaport_Gundam城市祭典_0058.JPG,move_and_rename,no,是,是,依 D4 日期／行程分類，保留原始 IMG 編號以便回溯
409,IMG_4292.JPG,20ec7b428e6d50b4f82b587311c988040b2a4af65856abd401958e8ac20dab91,JPEG,保留,04_260715_D4_LaLaport_Gundam_中洲,59,260715_D4_IMG4292_LaLaport_Gundam城市祭典_0059.JPG,04_260715_D4_LaLaport_Gundam_中洲/260715_D4_IMG4292_LaLaport_Gundam城市祭典_0059.JPG,move_and_rename,no,否,否,依 D4 日期／行程分類，保留原始 IMG 編號以便回溯
410,IMG_4293.JPG,1c202ce010b1a1c62ae0352199a36f30eb0247432af67b63e1824d52518ec77c,JPEG,保留,04_260715_D4_LaLaport_Gundam_中洲,60,260715_D4_IMG4293_LaLaport_Gundam城市祭典_0060.JPG,04_260715_D4_LaLaport_Gundam_中洲/260715_D4_IMG4293_LaLaport_Gundam城市祭典_0060.JPG,move_and_rename,no,否,否,依 D4 日期／行程分類，保留原始 IMG 編號以便回溯
411,IMG_4294.JPG,822cbe0ed63b44d25b9754808254bfbbd2a4b4daa4640c25057e3a56d899d533,JPEG,保留,04_260715_D4_LaLaport_Gundam_中洲,61,260715_D4_IMG4294_LaLaport_Gundam城市祭典_0061.JPG,04_260715_D4_LaLaport_Gundam_中洲/260715_D4_IMG4294_LaLaport_Gundam城市祭典_0061.JPG,move_and_rename,no,否,否,依 D4 日期／行程分類，保留原始 IMG 編號以便回溯
412,IMG_4295.JPG,5cbf35b940cb9d71d24d80c96f0ed3b1fcce693b3e18f7aa232193ac1ad9f563,JPEG,保留,04_260715_D4_LaLaport_Gundam_中洲,62,260715_D4_IMG4295_LaLaport_Gundam城市祭典_0062.JPG,04_260715_D4_LaLaport_Gundam_中洲/260715_D4_IMG4295_LaLaport_Gundam城市祭典_0062.JPG,move_and_rename,no,否,否,依 D4 日期／行程分類，保留原始 IMG 編號以便回溯
413,IMG_4296.JPG,692a199127f40ec70d38186d5b93b6f6917557eb667c199fab8cf5ab4f5eaa48,JPEG,保留,04_260715_D4_LaLaport_Gundam_中洲,63,260715_D4_IMG4296_LaLaport_Gundam城市祭典_0063.JPG,04_260715_D4_LaLaport_Gundam_中洲/260715_D4_IMG4296_LaLaport_Gundam城市祭典_0063.JPG,move_and_rename,no,否,否,依 D4 日期／行程分類，保留原始 IMG 編號以便回溯
414,IMG_4297.JPG,ef4ac47805954fa1b8d76c62bcd88fe22a149009aaea2d86d8dd5a7d0607769d,JPEG,保留,04_260715_D4_LaLaport_Gundam_中洲,64,260715_D4_IMG4297_LaLaport_Gundam城市祭典_0064.JPG,04_260715_D4_LaLaport_Gundam_中洲/260715_D4_IMG4297_LaLaport_Gundam城市祭典_0064.JPG,move_and_rename,no,是,否,依 D4 日期／行程分類，保留原始 IMG 編號以便回溯
415,IMG_4298.JPG,8b6cebbe2131c45dfc5e1662984c3383a419b2b680add1d9a2be2961b15a8ab5,JPEG,保留,04_260715_D4_LaLaport_Gundam_中洲,65,260715_D4_IMG4298_LaLaport_Gundam城市祭典_0065.JPG,04_260715_D4_LaLaport_Gundam_中洲/260715_D4_IMG4298_LaLaport_Gundam城市祭典_0065.JPG,move_and_rename,no,否,否,依 D4 日期／行程分類，保留原始 IMG 編號以便回溯
416,IMG_4299.JPG,687888a95e0b0e068c0095b687d6ac2b594b3441bebac9ec2fbba1899aa8022b,JPEG,保留,04_260715_D4_LaLaport_Gundam_中洲,66,260715_D4_IMG4299_LaLaport_Gundam城市祭典_0066.JPG,04_260715_D4_LaLaport_Gundam_中洲/260715_D4_IMG4299_LaLaport_Gundam城市祭典_0066.JPG,move_and_rename,no,是,是,依 D4 日期／行程分類，保留原始 IMG 編號以便回溯
417,IMG_4300.JPG,40a5f3cb44b37dbc10787a2a7fa8bad131423e2f0ec43541a31267637f3e12ca,JPEG,保留,04_260715_D4_LaLaport_Gundam_中洲,67,260715_D4_IMG4300_LaLaport_Gundam城市祭典_0067.JPG,04_260715_D4_LaLaport_Gundam_中洲/260715_D4_IMG4300_LaLaport_Gundam城市祭典_0067.JPG,move_and_rename,no,否,否,依 D4 日期／行程分類，保留原始 IMG 編號以便回溯
418,IMG_4301.JPG,a085054c9abe7123d9a5724a14d5f556228132fcf3a7ce2c8a70af1b60f2a155,JPEG,保留,04_260715_D4_LaLaport_Gundam_中洲,68,260715_D4_IMG4301_LaLaport_Gundam城市祭典_0068.JPG,04_260715_D4_LaLaport_Gundam_中洲/260715_D4_IMG4301_LaLaport_Gundam城市祭典_0068.JPG,move_and_rename,no,是,是,依 D4 日期／行程分類，保留原始 IMG 編號以便回溯
419,IMG_4302.JPG,169ab17ed02c75aad1b228a171ed96fc97d3bea17047c4ad3258b031804b33ba,JPEG,保留,04_260715_D4_LaLaport_Gundam_中洲,69,260715_D4_IMG4302_LaLaport_Gundam城市祭典_0069.JPG,04_260715_D4_LaLaport_Gundam_中洲/260715_D4_IMG4302_LaLaport_Gundam城市祭典_0069.JPG,move_and_rename,no,否,否,依 D4 日期／行程分類，保留原始 IMG 編號以便回溯
420,IMG_4303.JPG,1a98fa1d26a30617a629522e208fd2a00748ffe38927b014fcb25c89c046a620,JPEG,保留,04_260715_D4_LaLaport_Gundam_中洲,70,260715_D4_IMG4303_LaLaport_Gundam城市祭典_0070.JPG,04_260715_D4_LaLaport_Gundam_中洲/260715_D4_IMG4303_LaLaport_Gundam城市祭典_0070.JPG,move_and_rename,no,否,否,依 D4 日期／行程分類，保留原始 IMG 編號以便回溯
421,IMG_4304.JPG,f1d4f14b617a7fbce34f37ce4b6716ffb965b3442b5799bc1dd4ec56f2a9b9b9,JPEG,保留,04_260715_D4_LaLaport_Gundam_中洲,71,260715_D4_IMG4304_LaLaport_Gundam城市祭典_0071.JPG,04_260715_D4_LaLaport_Gundam_中洲/260715_D4_IMG4304_LaLaport_Gundam城市祭典_0071.JPG,move_and_rename,no,否,否,依 D4 日期／行程分類，保留原始 IMG 編號以便回溯
422,IMG_4305.JPG,2efc2674e73b9a2ce4e82fb815202fd6a71e72b1d1401ab3aa498af3fa75dd7e,JPEG,保留,04_260715_D4_LaLaport_Gundam_中洲,72,260715_D4_IMG4305_LaLaport_Gundam城市祭典_0072.JPG,04_260715_D4_LaLaport_Gundam_中洲/260715_D4_IMG4305_LaLaport_Gundam城市祭典_0072.JPG,move_and_rename,no,是,是,依 D4 日期／行程分類，保留原始 IMG 編號以便回溯
423,IMG_4306.JPG,d14ae7ee22dc92a0d56a621a07177e26fcf510c62b845d291968c57da06d66e8,JPEG,保留,04_260715_D4_LaLaport_Gundam_中洲,73,260715_D4_IMG4306_LaLaport_Gundam城市祭典_0073.JPG,04_260715_D4_LaLaport_Gundam_中洲/260715_D4_IMG4306_LaLaport_Gundam城市祭典_0073.JPG,move_and_rename,no,否,否,依 D4 日期／行程分類，保留原始 IMG 編號以便回溯
424,IMG_4307.JPG,d65cff271600f8ece99542b82168a1c968abdd539952f65fac99d1f6a8898af9,JPEG,保留,04_260715_D4_LaLaport_Gundam_中洲,74,260715_D4_IMG4307_LaLaport_Gundam城市祭典_0074.JPG,04_260715_D4_LaLaport_Gundam_中洲/260715_D4_IMG4307_LaLaport_Gundam城市祭典_0074.JPG,move_and_rename,no,否,否,依 D4 日期／行程分類，保留原始 IMG 編號以便回溯
425,IMG_4308.JPG,24b4477f350c856ee197839d005eac497d1b3d1c2bf5f416b5973edb6ebe02ff,JPEG,保留,04_260715_D4_LaLaport_Gundam_中洲,75,260715_D4_IMG4308_LaLaport_Gundam城市祭典_0075.JPG,04_260715_D4_LaLaport_Gundam_中洲/260715_D4_IMG4308_LaLaport_Gundam城市祭典_0075.JPG,move_and_rename,no,否,否,依 D4 日期／行程分類，保留原始 IMG 編號以便回溯
426,IMG_4309.JPG,dec12ba1bdd8afd561c3c826ea0bac36b4a39bd77b0b52bd47fb582a23bc0942,JPEG,保留,04_260715_D4_LaLaport_Gundam_中洲,76,260715_D4_IMG4309_LaLaport_Gundam城市祭典_0076.JPG,04_260715_D4_LaLaport_Gundam_中洲/260715_D4_IMG4309_LaLaport_Gundam城市祭典_0076.JPG,move_and_rename,no,否,否,依 D4 日期／行程分類，保留原始 IMG 編號以便回溯
427,IMG_4310.JPG,7746bf7853e7bab028d9ef0b50e98dbd8a3bb3182a4542735c8bf4dd97c8682b,JPEG,保留,04_260715_D4_LaLaport_Gundam_中洲,77,260715_D4_IMG4310_LaLaport_Gundam城市祭典_0077.JPG,04_260715_D4_LaLaport_Gundam_中洲/260715_D4_IMG4310_LaLaport_Gundam城市祭典_0077.JPG,move_and_rename,no,否,否,依 D4 日期／行程分類，保留原始 IMG 編號以便回溯
428,IMG_4311.JPG,fe65be3034ef554ea728064909677dffce31fd4ed7da03d21ea6fc8f5511f675,JPEG,保留,04_260715_D4_LaLaport_Gundam_中洲,78,260715_D4_IMG4311_LaLaport_Gundam城市祭典_0078.JPG,04_260715_D4_LaLaport_Gundam_中洲/260715_D4_IMG4311_LaLaport_Gundam城市祭典_0078.JPG,move_and_rename,no,否,否,依 D4 日期／行程分類，保留原始 IMG 編號以便回溯
429,IMG_4312.JPG,0b480087adb6e50ac23c6d0ad0b9aa6d8bbaff05c4edf5fad8052338387249e6,JPEG,保留,04_260715_D4_LaLaport_Gundam_中洲,79,260715_D4_IMG4312_LaLaport_Gundam城市祭典_0079.JPG,04_260715_D4_LaLaport_Gundam_中洲/260715_D4_IMG4312_LaLaport_Gundam城市祭典_0079.JPG,move_and_rename,no,否,否,依 D4 日期／行程分類，保留原始 IMG 編號以便回溯
430,IMG_4313.JPG,c5fc2e6417982a62cce993798fa06cecec93ac8a0fb5425febcff2ae9f5292fe,JPEG,保留,04_260715_D4_LaLaport_Gundam_中洲,80,260715_D4_IMG4313_LaLaport_Gundam城市祭典_0080.JPG,04_260715_D4_LaLaport_Gundam_中洲/260715_D4_IMG4313_LaLaport_Gundam城市祭典_0080.JPG,move_and_rename,no,否,否,依 D4 日期／行程分類，保留原始 IMG 編號以便回溯
431,IMG_4314.JPG,56e3477b7eea089068cd4d959a4ff625db86acd5fd747c6d1091c6f95acb98c5,JPEG,保留,04_260715_D4_LaLaport_Gundam_中洲,81,260715_D4_IMG4314_LaLaport_Gundam城市祭典_0081.JPG,04_260715_D4_LaLaport_Gundam_中洲/260715_D4_IMG4314_LaLaport_Gundam城市祭典_0081.JPG,move_and_rename,no,否,否,依 D4 日期／行程分類，保留原始 IMG 編號以便回溯
432,IMG_4315.JPG,02c31684ae747bdd77bafa5fed13693db6f1399a8a38cf0816635938135f416b,JPEG,保留,04_260715_D4_LaLaport_Gundam_中洲,82,260715_D4_IMG4315_LaLaport_Gundam城市祭典_0082.JPG,04_260715_D4_LaLaport_Gundam_中洲/260715_D4_IMG4315_LaLaport_Gundam城市祭典_0082.JPG,move_and_rename,no,否,否,依 D4 日期／行程分類，保留原始 IMG 編號以便回溯
433,IMG_4316.JPG,685e315ca1c3aefb7e302a45fcb2453c27604bf079733adf0be93bdecd36c7ee,JPEG,保留,04_260715_D4_LaLaport_Gundam_中洲,83,260715_D4_IMG4316_LaLaport_Gundam城市祭典_0083.JPG,04_260715_D4_LaLaport_Gundam_中洲/260715_D4_IMG4316_LaLaport_Gundam城市祭典_0083.JPG,move_and_rename,no,否,否,依 D4 日期／行程分類，保留原始 IMG 編號以便回溯
434,IMG_4317.JPG,52d370b7464fe24904b1dc865de02b692c9ced91d4ac575399b80623dd5d4a8b,JPEG,保留,04_260715_D4_LaLaport_Gundam_中洲,84,260715_D4_IMG4317_LaLaport_Gundam城市祭典_0084.JPG,04_260715_D4_LaLaport_Gundam_中洲/260715_D4_IMG4317_LaLaport_Gundam城市祭典_0084.JPG,move_and_rename,no,否,否,依 D4 日期／行程分類，保留原始 IMG 編號以便回溯
435,IMG_4318.JPG,3c6804fd16c02dcca69fc936ad60d97839624de3b089c10206d0cde4a330ad6c,JPEG,保留,04_260715_D4_LaLaport_Gundam_中洲,85,260715_D4_IMG4318_LaLaport_Gundam城市祭典_0085.JPG,04_260715_D4_LaLaport_Gundam_中洲/260715_D4_IMG4318_LaLaport_Gundam城市祭典_0085.JPG,move_and_rename,no,否,否,依 D4 日期／行程分類，保留原始 IMG 編號以便回溯
436,IMG_4319.JPG,7e271313cecb4b3a1c64375c4a529d482db7c3c23075d47a5a10e83355f549d9,JPEG,保留,04_260715_D4_LaLaport_Gundam_中洲,86,260715_D4_IMG4319_LaLaport_Gundam城市祭典_0086.JPG,04_260715_D4_LaLaport_Gundam_中洲/260715_D4_IMG4319_LaLaport_Gundam城市祭典_0086.JPG,move_and_rename,no,否,否,依 D4 日期／行程分類，保留原始 IMG 編號以便回溯
437,IMG_4320.JPG,eef672bda399a137f72471f9a69ebd88f6dbf9e396dcfb8cb252e22314a0581e,JPEG,保留,04_260715_D4_LaLaport_Gundam_中洲,87,260715_D4_IMG4320_LaLaport_Gundam城市祭典_0087.JPG,04_260715_D4_LaLaport_Gundam_中洲/260715_D4_IMG4320_LaLaport_Gundam城市祭典_0087.JPG,move_and_rename,no,否,否,依 D4 日期／行程分類，保留原始 IMG 編號以便回溯
438,IMG_4321.JPG,68e11164026416f1fbed1ebd4241c1d6304915f4ebb07ad1b99a08c239320a72,JPEG,保留,04_260715_D4_LaLaport_Gundam_中洲,88,260715_D4_IMG4321_LaLaport_Gundam城市祭典_0088.JPG,04_260715_D4_LaLaport_Gundam_中洲/260715_D4_IMG4321_LaLaport_Gundam城市祭典_0088.JPG,move_and_rename,no,否,否,依 D4 日期／行程分類，保留原始 IMG 編號以便回溯
439,IMG_4322.JPG,9d4401659618ab90338f0f0f604be1416fcbf909a2e65da665ff46580973061d,JPEG,保留,04_260715_D4_LaLaport_Gundam_中洲,89,260715_D4_IMG4322_LaLaport_Gundam城市祭典_0089.JPG,04_260715_D4_LaLaport_Gundam_中洲/260715_D4_IMG4322_LaLaport_Gundam城市祭典_0089.JPG,move_and_rename,no,否,否,依 D4 日期／行程分類，保留原始 IMG 編號以便回溯
440,IMG_4323.JPG,ff0339b4a3a1fe1decae19fa3d6a2d39990a8069d2f36cca22a341e59371aa96,JPEG,保留,04_260715_D4_LaLaport_Gundam_中洲,90,260715_D4_IMG4323_LaLaport_Gundam城市祭典_0090.JPG,04_260715_D4_LaLaport_Gundam_中洲/260715_D4_IMG4323_LaLaport_Gundam城市祭典_0090.JPG,move_and_rename,no,否,否,依 D4 日期／行程分類，保留原始 IMG 編號以便回溯
441,IMG_4324.JPG,a302ed92cc5b3071e2fde9a846aac3337a125b18a0c2114105e4311cc066413f,JPEG,保留,04_260715_D4_LaLaport_Gundam_中洲,91,260715_D4_IMG4324_LaLaport_Gundam城市祭典_0091.JPG,04_260715_D4_LaLaport_Gundam_中洲/260715_D4_IMG4324_LaLaport_Gundam城市祭典_0091.JPG,move_and_rename,no,否,否,依 D4 日期／行程分類，保留原始 IMG 編號以便回溯
442,IMG_4325.JPG,c52c61380e724148e89b5cd4bee598c88a49e890f617ddffbe200e15b89d309f,JPEG,保留,04_260715_D4_LaLaport_Gundam_中洲,92,260715_D4_IMG4325_LaLaport_Gundam城市祭典_0092.JPG,04_260715_D4_LaLaport_Gundam_中洲/260715_D4_IMG4325_LaLaport_Gundam城市祭典_0092.JPG,move_and_rename,no,否,否,依 D4 日期／行程分類，保留原始 IMG 編號以便回溯
443,IMG_4326.JPG,a09a837e47f618980fe48a618e068dff166d57f0abc0ede64379618263e48b6e,JPEG,保留,04_260715_D4_LaLaport_Gundam_中洲,93,260715_D4_IMG4326_LaLaport_Gundam城市祭典_0093.JPG,04_260715_D4_LaLaport_Gundam_中洲/260715_D4_IMG4326_LaLaport_Gundam城市祭典_0093.JPG,move_and_rename,no,否,否,依 D4 日期／行程分類，保留原始 IMG 編號以便回溯
444,IMG_4327.JPG,4b425eca45a343e7c8169119f472e01a70c398a796d84a62494b0432dbc35405,JPEG,保留,04_260715_D4_LaLaport_Gundam_中洲,94,260715_D4_IMG4327_LaLaport_Gundam城市祭典_0094.JPG,04_260715_D4_LaLaport_Gundam_中洲/260715_D4_IMG4327_LaLaport_Gundam城市祭典_0094.JPG,move_and_rename,no,否,否,依 D4 日期／行程分類，保留原始 IMG 編號以便回溯
445,IMG_4328.JPG,12b5ee3cf6f4c96a411a831902bbb75ddac11efae152b6200c06a5bd51d161f9,JPEG,保留,04_260715_D4_LaLaport_Gundam_中洲,95,260715_D4_IMG4328_LaLaport_Gundam城市祭典_0095.JPG,04_260715_D4_LaLaport_Gundam_中洲/260715_D4_IMG4328_LaLaport_Gundam城市祭典_0095.JPG,move_and_rename,no,否,否,依 D4 日期／行程分類，保留原始 IMG 編號以便回溯
446,IMG_4329.JPG,beecb0246c76ac1cd95d4acdaf904ef8341456892677fe0ed89d7e4222491a4b,JPEG,保留,04_260715_D4_LaLaport_Gundam_中洲,96,260715_D4_IMG4329_LaLaport_Gundam城市祭典_0096.JPG,04_260715_D4_LaLaport_Gundam_中洲/260715_D4_IMG4329_LaLaport_Gundam城市祭典_0096.JPG,move_and_rename,no,否,否,依 D4 日期／行程分類，保留原始 IMG 編號以便回溯
447,IMG_4331.JPG,0545432e7a6ec719d170db4ef905179fac299a581db8d2899327e53f15aedd34,JPEG,保留,04_260715_D4_LaLaport_Gundam_中洲,97,260715_D4_IMG4331_LaLaport_Gundam城市祭典_0097.JPG,04_260715_D4_LaLaport_Gundam_中洲/260715_D4_IMG4331_LaLaport_Gundam城市祭典_0097.JPG,move_and_rename,no,否,否,依 D4 日期／行程分類，保留原始 IMG 編號以便回溯
448,IMG_4332.JPG,d0ef0fe1c90796ae779280200ab08b9d48b03e396f9c26e37e9a8ab9beeca5fd,JPEG,保留,04_260715_D4_LaLaport_Gundam_中洲,98,260715_D4_IMG4332_LaLaport_Gundam城市祭典_0098.JPG,04_260715_D4_LaLaport_Gundam_中洲/260715_D4_IMG4332_LaLaport_Gundam城市祭典_0098.JPG,move_and_rename,no,否,否,依 D4 日期／行程分類，保留原始 IMG 編號以便回溯
449,IMG_4333.JPG,2025b1396d5cbc9845707f815617312fdb788048e6f53c2e31b44be5826ee31c,JPEG,保留,04_260715_D4_LaLaport_Gundam_中洲,99,260715_D4_IMG4333_LaLaport_Gundam城市祭典_0099.JPG,04_260715_D4_LaLaport_Gundam_中洲/260715_D4_IMG4333_LaLaport_Gundam城市祭典_0099.JPG,move_and_rename,no,否,否,依 D4 日期／行程分類，保留原始 IMG 編號以便回溯
450,IMG_4334.JPG,22c193d1cf0cbff81306a2c7c289e3ab4036f07bfc84e12887cb45f5b4013c0c,JPEG,保留,04_260715_D4_LaLaport_Gundam_中洲,100,260715_D4_IMG4334_LaLaport_Gundam城市祭典_0100.JPG,04_260715_D4_LaLaport_Gundam_中洲/260715_D4_IMG4334_LaLaport_Gundam城市祭典_0100.JPG,move_and_rename,no,否,否,依 D4 日期／行程分類，保留原始 IMG 編號以便回溯
451,IMG_4336.JPG,286f2185d9429f579a3dc6e327a03c646054b26c65b56724dead3f55b5309306,JPEG,保留,04_260715_D4_LaLaport_Gundam_中洲,1,260715_D4_IMG4336_LaLaport_Gundam購物_0001.JPG,04_260715_D4_LaLaport_Gundam_中洲/260715_D4_IMG4336_LaLaport_Gundam購物_0001.JPG,move_and_rename,no,否,否,依 D4 日期／行程分類，保留原始 IMG 編號以便回溯
452,IMG_4337.JPG,9862943aa0ca3f6bbb9bd1a40752b30de0cfb80a8f29f7abcafec140b91df211,JPEG,保留,04_260715_D4_LaLaport_Gundam_中洲,2,260715_D4_IMG4337_LaLaport_Gundam購物_0002.JPG,04_260715_D4_LaLaport_Gundam_中洲/260715_D4_IMG4337_LaLaport_Gundam購物_0002.JPG,move_and_rename,no,否,否,依 D4 日期／行程分類，保留原始 IMG 編號以便回溯
453,IMG_4338.JPG,7842c3c69b60bf78461ea656eb1e601d352c9fab7875ddf2260bc55c89b07a5b,JPEG,保留,04_260715_D4_LaLaport_Gundam_中洲,3,260715_D4_IMG4338_LaLaport_Gundam購物_0003.JPG,04_260715_D4_LaLaport_Gundam_中洲/260715_D4_IMG4338_LaLaport_Gundam購物_0003.JPG,move_and_rename,no,否,否,依 D4 日期／行程分類，保留原始 IMG 編號以便回溯
454,IMG_4339.JPG,6d5a0fcb75e2d5d8f9ebfb1019c2271ba5b532ad1a0ce80be97d4c1f445f7baa,JPEG,保留,04_260715_D4_LaLaport_Gundam_中洲,4,260715_D4_IMG4339_LaLaport_Gundam購物_0004.JPG,04_260715_D4_LaLaport_Gundam_中洲/260715_D4_IMG4339_LaLaport_Gundam購物_0004.JPG,move_and_rename,no,否,否,依 D4 日期／行程分類，保留原始 IMG 編號以便回溯
455,IMG_4340.JPG,afed2fc084b2d59811e5f2fd767fac92db0e83d58cc12eaad4d2f295a0a1ed81,JPEG,保留,04_260715_D4_LaLaport_Gundam_中洲,5,260715_D4_IMG4340_LaLaport_Gundam購物_0005.JPG,04_260715_D4_LaLaport_Gundam_中洲/260715_D4_IMG4340_LaLaport_Gundam購物_0005.JPG,move_and_rename,no,否,否,依 D4 日期／行程分類，保留原始 IMG 編號以便回溯
456,IMG_4341.JPG,dacee6fba8e00b06c46804ebd8feb027a9c17b0ff382d46b9d9eacf3b07c621e,JPEG,保留,04_260715_D4_LaLaport_Gundam_中洲,6,260715_D4_IMG4341_LaLaport_Gundam購物_0006.JPG,04_260715_D4_LaLaport_Gundam_中洲/260715_D4_IMG4341_LaLaport_Gundam購物_0006.JPG,move_and_rename,no,否,否,依 D4 日期／行程分類，保留原始 IMG 編號以便回溯
457,IMG_4342.JPG,105bdbe51d467d54836f70765e4fe61a798ed87ab13f84cf8303ccfcc0780388,JPEG,保留,04_260715_D4_LaLaport_Gundam_中洲,7,260715_D4_IMG4342_LaLaport_Gundam購物_0007.JPG,04_260715_D4_LaLaport_Gundam_中洲/260715_D4_IMG4342_LaLaport_Gundam購物_0007.JPG,move_and_rename,no,否,否,依 D4 日期／行程分類，保留原始 IMG 編號以便回溯
458,IMG_4343.JPG,a96ed594aca4eee6abaa4b8b81e6ede1552668fa2deb7339e82546e17790dce9,JPEG,保留,04_260715_D4_LaLaport_Gundam_中洲,8,260715_D4_IMG4343_LaLaport_Gundam購物_0008.JPG,04_260715_D4_LaLaport_Gundam_中洲/260715_D4_IMG4343_LaLaport_Gundam購物_0008.JPG,move_and_rename,no,否,否,依 D4 日期／行程分類，保留原始 IMG 編號以便回溯
459,IMG_4345.JPG,65c91eed22d701607f77410b31cecb2a408607129f7e88b8e4a8dec21bfd2f06,JPEG,保留,04_260715_D4_LaLaport_Gundam_中洲,9,260715_D4_IMG4345_LaLaport_Gundam購物_0009.JPG,04_260715_D4_LaLaport_Gundam_中洲/260715_D4_IMG4345_LaLaport_Gundam購物_0009.JPG,move_and_rename,no,否,否,依 D4 日期／行程分類，保留原始 IMG 編號以便回溯
460,IMG_4346.JPG,5de6ffce0c4572849193927a2dc351d1f0c7a0adf5b4ebdbc9ce63647037bdc8,JPEG,保留,04_260715_D4_LaLaport_Gundam_中洲,10,260715_D4_IMG4346_LaLaport_Gundam購物_0010.JPG,04_260715_D4_LaLaport_Gundam_中洲/260715_D4_IMG4346_LaLaport_Gundam購物_0010.JPG,move_and_rename,no,否,否,依 D4 日期／行程分類，保留原始 IMG 編號以便回溯
461,IMG_4347.JPG,c7b189666b0ae4bec596076e0743fec3431487232ff577d894634db59248f40c,JPEG,保留,04_260715_D4_LaLaport_Gundam_中洲,11,260715_D4_IMG4347_LaLaport_Gundam購物_0011.JPG,04_260715_D4_LaLaport_Gundam_中洲/260715_D4_IMG4347_LaLaport_Gundam購物_0011.JPG,move_and_rename,no,否,否,依 D4 日期／行程分類，保留原始 IMG 編號以便回溯
462,IMG_4348.JPG,bf0809b8ad1a23eb7d7e713dde9bd4070504b1cde6eaa72aa945ae87a71bdc05,JPEG,保留,04_260715_D4_LaLaport_Gundam_中洲,12,260715_D4_IMG4348_LaLaport_Gundam購物_0012.JPG,04_260715_D4_LaLaport_Gundam_中洲/260715_D4_IMG4348_LaLaport_Gundam購物_0012.JPG,move_and_rename,no,否,否,依 D4 日期／行程分類，保留原始 IMG 編號以便回溯
463,IMG_4350.JPG,d8d42d249b7be4fc6e0d3a2863a8744d8bbd1057f2d818c7fcc52a4afe5c0d69,JPEG,保留,04_260715_D4_LaLaport_Gundam_中洲,13,260715_D4_IMG4350_LaLaport_Gundam購物_0013.JPG,04_260715_D4_LaLaport_Gundam_中洲/260715_D4_IMG4350_LaLaport_Gundam購物_0013.JPG,move_and_rename,no,否,否,依 D4 日期／行程分類，保留原始 IMG 編號以便回溯
464,IMG_4352.JPG,7109f1475b9a9308419ee7496f67fada1e5b34a2205ae7bbb767997b7345500e,JPEG,保留,04_260715_D4_LaLaport_Gundam_中洲,14,260715_D4_IMG4352_LaLaport_Gundam購物_0014.JPG,04_260715_D4_LaLaport_Gundam_中洲/260715_D4_IMG4352_LaLaport_Gundam購物_0014.JPG,move_and_rename,no,否,否,依 D4 日期／行程分類，保留原始 IMG 編號以便回溯
465,IMG_4353.JPG,19417a58a99dc7d5312a1e9e462048cca0f2de4daa195f343dfd3b9d0e71d75a,JPEG,保留,04_260715_D4_LaLaport_Gundam_中洲,15,260715_D4_IMG4353_LaLaport_Gundam購物_0015.JPG,04_260715_D4_LaLaport_Gundam_中洲/260715_D4_IMG4353_LaLaport_Gundam購物_0015.JPG,move_and_rename,no,否,否,依 D4 日期／行程分類，保留原始 IMG 編號以便回溯
466,IMG_4354.JPG,341c928855cd5b71fc1e26628613874ffb61cd0f63269b48f2a0ce1310504b69,JPEG,保留,04_260715_D4_LaLaport_Gundam_中洲,16,260715_D4_IMG4354_LaLaport_Gundam購物_0016.JPG,04_260715_D4_LaLaport_Gundam_中洲/260715_D4_IMG4354_LaLaport_Gundam購物_0016.JPG,move_and_rename,no,否,否,依 D4 日期／行程分類，保留原始 IMG 編號以便回溯
467,IMG_4355.JPG,90cde9108dcc6a65771bb81b102d5f3987cb1ab73519608cf811ad96b92195a9,JPEG,保留,04_260715_D4_LaLaport_Gundam_中洲,17,260715_D4_IMG4355_LaLaport_Gundam購物_0017.JPG,04_260715_D4_LaLaport_Gundam_中洲/260715_D4_IMG4355_LaLaport_Gundam購物_0017.JPG,move_and_rename,no,否,否,依 D4 日期／行程分類，保留原始 IMG 編號以便回溯
468,IMG_4359.PNG,b5675abce0db507903eecbd104b4d49fc35b3e975fc1b85cea251b02445db7a5,PNG,淘汰候選,_審核後刪除,9,260715_D4_IMG4359_淘汰_待審核_0009.PNG,_審核後刪除/260715_D4_IMG4359_淘汰_待審核_0009.PNG,move_to_review,no,否,否,僅移入既有 _審核後刪除；保留可回復性，不永久刪除
469,IMG_4360.JPG,91e947fbdf8524ecf616e707eef43bdfe4643427aed32332b670bfad5db30402,JPEG,保留,04_260715_D4_LaLaport_Gundam_中洲,18,260715_D4_IMG4360_LaLaport_Gundam購物_0018.JPG,04_260715_D4_LaLaport_Gundam_中洲/260715_D4_IMG4360_LaLaport_Gundam購物_0018.JPG,move_and_rename,no,否,否,依 D4 日期／行程分類，保留原始 IMG 編號以便回溯
470,IMG_4361.JPG,95f4395b68a2741995232d0e288f083b2c328c5e1419f3e05903608243f9b292,JPEG,保留,04_260715_D4_LaLaport_Gundam_中洲,19,260715_D4_IMG4361_LaLaport_Gundam購物_0019.JPG,04_260715_D4_LaLaport_Gundam_中洲/260715_D4_IMG4361_LaLaport_Gundam購物_0019.JPG,move_and_rename,no,否,否,依 D4 日期／行程分類，保留原始 IMG 編號以便回溯
471,IMG_4362.JPG,d10eadad8813224d0b1d9d7f5550ab141fb6160b1f43974545b4883f853ff385,JPEG,保留,04_260715_D4_LaLaport_Gundam_中洲,20,260715_D4_IMG4362_LaLaport_Gundam購物_0020.JPG,04_260715_D4_LaLaport_Gundam_中洲/260715_D4_IMG4362_LaLaport_Gundam購物_0020.JPG,move_and_rename,no,否,否,依 D4 日期／行程分類，保留原始 IMG 編號以便回溯
472,IMG_4363.JPG,f1e199431d0861085fb226d66fe66a4a842617dce2a1e6cbeaa6688a8503a496,JPEG,保留,04_260715_D4_LaLaport_Gundam_中洲,21,260715_D4_IMG4363_LaLaport_Gundam購物_0021.JPG,04_260715_D4_LaLaport_Gundam_中洲/260715_D4_IMG4363_LaLaport_Gundam購物_0021.JPG,move_and_rename,no,否,否,依 D4 日期／行程分類，保留原始 IMG 編號以便回溯
473,IMG_4364.JPG,d23d8af98bc2b7167cab16d68784e9145543f68502e50100236c0914ada9d790,JPEG,保留,04_260715_D4_LaLaport_Gundam_中洲,22,260715_D4_IMG4364_LaLaport_Gundam購物_0022.JPG,04_260715_D4_LaLaport_Gundam_中洲/260715_D4_IMG4364_LaLaport_Gundam購物_0022.JPG,move_and_rename,no,否,否,依 D4 日期／行程分類，保留原始 IMG 編號以便回溯
474,IMG_4367.JPG,1ea3502c08b9fa3011db82d3c776b9fc4a13d1062266e29e14868581d42a2b1a,JPEG,保留,04_260715_D4_LaLaport_Gundam_中洲,23,260715_D4_IMG4367_LaLaport_Gundam購物_0023.JPG,04_260715_D4_LaLaport_Gundam_中洲/260715_D4_IMG4367_LaLaport_Gundam購物_0023.JPG,move_and_rename,no,否,否,依 D4 日期／行程分類，保留原始 IMG 編號以便回溯
475,IMG_4368.JPG,e38e8250d8a8166493fc4ab5e600b017bd9d16b67e644a0e84e93db99ad95c67,JPEG,保留,04_260715_D4_LaLaport_Gundam_中洲,24,260715_D4_IMG4368_LaLaport_Gundam購物_0024.JPG,04_260715_D4_LaLaport_Gundam_中洲/260715_D4_IMG4368_LaLaport_Gundam購物_0024.JPG,move_and_rename,no,否,否,依 D4 日期／行程分類，保留原始 IMG 編號以便回溯
476,IMG_4370.JPG,d104575a402b2668fa76c832af08586d5086b05d697770b64a1e74922bb9c5c8,JPEG,保留,04_260715_D4_LaLaport_Gundam_中洲,25,260715_D4_IMG4370_LaLaport_Gundam購物_0025.JPG,04_260715_D4_LaLaport_Gundam_中洲/260715_D4_IMG4370_LaLaport_Gundam購物_0025.JPG,move_and_rename,no,否,否,依 D4 日期／行程分類，保留原始 IMG 編號以便回溯
477,IMG_4371.JPG,7b6310dff3f066a4181bc4cd98e33163da549f6a4665f645b16c35bb49520368,JPEG,保留,04_260715_D4_LaLaport_Gundam_中洲,26,260715_D4_IMG4371_LaLaport_Gundam購物_0026.JPG,04_260715_D4_LaLaport_Gundam_中洲/260715_D4_IMG4371_LaLaport_Gundam購物_0026.JPG,move_and_rename,no,否,否,依 D4 日期／行程分類，保留原始 IMG 編號以便回溯
478,IMG_4372.JPG,51a6315bcbd266ae6157d5fb2db58b52489378cb72d52997ba21eb929f5e5481,JPEG,保留,04_260715_D4_LaLaport_Gundam_中洲,27,260715_D4_IMG4372_LaLaport_Gundam購物_0027.JPG,04_260715_D4_LaLaport_Gundam_中洲/260715_D4_IMG4372_LaLaport_Gundam購物_0027.JPG,move_and_rename,no,否,否,依 D4 日期／行程分類，保留原始 IMG 編號以便回溯
479,IMG_4373.JPG,e68db6162519ed60fd62977caf34bf944b1238f3cc08b380b1802c0626f8f5f5,JPEG,保留,04_260715_D4_LaLaport_Gundam_中洲,28,260715_D4_IMG4373_LaLaport_Gundam購物_0028.JPG,04_260715_D4_LaLaport_Gundam_中洲/260715_D4_IMG4373_LaLaport_Gundam購物_0028.JPG,move_and_rename,no,否,否,依 D4 日期／行程分類，保留原始 IMG 編號以便回溯
480,IMG_4374.JPG,c19e3bad4d1761ba4733bad3a8151b69a371860d620d60399ef5fcfeb8e00747,JPEG,保留,04_260715_D4_LaLaport_Gundam_中洲,29,260715_D4_IMG4374_LaLaport_Gundam購物_0029.JPG,04_260715_D4_LaLaport_Gundam_中洲/260715_D4_IMG4374_LaLaport_Gundam購物_0029.JPG,move_and_rename,no,否,否,依 D4 日期／行程分類，保留原始 IMG 編號以便回溯
481,IMG_4375.JPG,5bd013ade6364956f02f27fd4070d44a0151c5cfc07b745c70a25e98417a00fc,JPEG,保留,04_260715_D4_LaLaport_Gundam_中洲,30,260715_D4_IMG4375_LaLaport_Gundam購物_0030.JPG,04_260715_D4_LaLaport_Gundam_中洲/260715_D4_IMG4375_LaLaport_Gundam購物_0030.JPG,move_and_rename,no,否,否,依 D4 日期／行程分類，保留原始 IMG 編號以便回溯
482,IMG_4376.JPG,7b84c769e818859b37b5edfe01e40f5538b0e0d09fceabc75154d84a373f5230,JPEG,保留,04_260715_D4_LaLaport_Gundam_中洲,31,260715_D4_IMG4376_LaLaport_Gundam購物_0031.JPG,04_260715_D4_LaLaport_Gundam_中洲/260715_D4_IMG4376_LaLaport_Gundam購物_0031.JPG,move_and_rename,no,否,否,依 D4 日期／行程分類，保留原始 IMG 編號以便回溯
483,IMG_4377.JPG,80aaa70d135418ceccbf52a7b6fdf219ddc7f168519066ab6bd220acf793fc65,JPEG,保留,04_260715_D4_LaLaport_Gundam_中洲,32,260715_D4_IMG4377_LaLaport_Gundam購物_0032.JPG,04_260715_D4_LaLaport_Gundam_中洲/260715_D4_IMG4377_LaLaport_Gundam購物_0032.JPG,move_and_rename,no,否,否,依 D4 日期／行程分類，保留原始 IMG 編號以便回溯
484,IMG_4378.JPG,1931d3eab44318f3f1bfb4d90db502ffd00c689114727e0fc4afd36da56b524a,JPEG,保留,04_260715_D4_LaLaport_Gundam_中洲,33,260715_D4_IMG4378_LaLaport_Gundam購物_0033.JPG,04_260715_D4_LaLaport_Gundam_中洲/260715_D4_IMG4378_LaLaport_Gundam購物_0033.JPG,move_and_rename,no,否,否,依 D4 日期／行程分類，保留原始 IMG 編號以便回溯
485,IMG_4379.JPG,621463a9a4e38db57fa8a319f9d44ad0dca7cdafa37f3e2205a7760b4846f01f,JPEG,保留,04_260715_D4_LaLaport_Gundam_中洲,34,260715_D4_IMG4379_LaLaport_Gundam購物_0034.JPG,04_260715_D4_LaLaport_Gundam_中洲/260715_D4_IMG4379_LaLaport_Gundam購物_0034.JPG,move_and_rename,no,否,否,依 D4 日期／行程分類，保留原始 IMG 編號以便回溯
486,IMG_4380.JPG,5d45e054c7a440d9bc54c9550354bd2f73055c1ae7b9837a8943264f333d4ebb,JPEG,保留,04_260715_D4_LaLaport_Gundam_中洲,35,260715_D4_IMG4380_LaLaport_Gundam購物_0035.JPG,04_260715_D4_LaLaport_Gundam_中洲/260715_D4_IMG4380_LaLaport_Gundam購物_0035.JPG,move_and_rename,no,否,否,依 D4 日期／行程分類，保留原始 IMG 編號以便回溯
487,IMG_4381.JPG,f2e02ee2f70a0dfa4749793ba3dd687eb736c830a9faf118cbfbea879f1860db,JPEG,保留,04_260715_D4_LaLaport_Gundam_中洲,36,260715_D4_IMG4381_LaLaport_Gundam購物_0036.JPG,04_260715_D4_LaLaport_Gundam_中洲/260715_D4_IMG4381_LaLaport_Gundam購物_0036.JPG,move_and_rename,no,否,否,依 D4 日期／行程分類，保留原始 IMG 編號以便回溯
488,IMG_4382.JPG,cbda53180e4d5fc3cd78d71f746f0deac925b6addfc3365499d79ab8470c983d,JPEG,保留,04_260715_D4_LaLaport_Gundam_中洲,37,260715_D4_IMG4382_LaLaport_Gundam購物_0037.JPG,04_260715_D4_LaLaport_Gundam_中洲/260715_D4_IMG4382_LaLaport_Gundam購物_0037.JPG,move_and_rename,no,否,否,依 D4 日期／行程分類，保留原始 IMG 編號以便回溯
489,IMG_4383.JPG,c6d5141dbc71606781f79da2a03b1d31277ca358cedb9c3f9bce268ae9eae142,JPEG,保留,04_260715_D4_LaLaport_Gundam_中洲,38,260715_D4_IMG4383_LaLaport_Gundam購物_0038.JPG,04_260715_D4_LaLaport_Gundam_中洲/260715_D4_IMG4383_LaLaport_Gundam購物_0038.JPG,move_and_rename,no,否,否,依 D4 日期／行程分類，保留原始 IMG 編號以便回溯
490,IMG_4384.JPG,69f922ae351701aa979d812a75701dcd38f2e0df58eade7cf33441b998f90a6c,JPEG,保留,04_260715_D4_LaLaport_Gundam_中洲,39,260715_D4_IMG4384_LaLaport_Gundam購物_0039.JPG,04_260715_D4_LaLaport_Gundam_中洲/260715_D4_IMG4384_LaLaport_Gundam購物_0039.JPG,move_and_rename,no,否,否,依 D4 日期／行程分類，保留原始 IMG 編號以便回溯
491,IMG_4385.JPG,58cbd5d7d43ab9649d8848352ea03431ee7561bc92da182cda3ac672b081a737,JPEG,保留,04_260715_D4_LaLaport_Gundam_中洲,40,260715_D4_IMG4385_LaLaport_Gundam購物_0040.JPG,04_260715_D4_LaLaport_Gundam_中洲/260715_D4_IMG4385_LaLaport_Gundam購物_0040.JPG,move_and_rename,no,否,否,依 D4 日期／行程分類，保留原始 IMG 編號以便回溯
492,IMG_4386.JPG,69c568bea8212afd741da9765a3aa6d99d2d11cebcdf278596b4ea96186da865,JPEG,保留,04_260715_D4_LaLaport_Gundam_中洲,41,260715_D4_IMG4386_LaLaport_Gundam購物_0041.JPG,04_260715_D4_LaLaport_Gundam_中洲/260715_D4_IMG4386_LaLaport_Gundam購物_0041.JPG,move_and_rename,no,否,否,依 D4 日期／行程分類，保留原始 IMG 編號以便回溯
493,IMG_4387.JPG,9b7503da247eb9ee6c447f5fc87a2f6caefffbf321ee869971e48e7f1a0fedd1,JPEG,保留,04_260715_D4_LaLaport_Gundam_中洲,42,260715_D4_IMG4387_LaLaport_Gundam購物_0042.JPG,04_260715_D4_LaLaport_Gundam_中洲/260715_D4_IMG4387_LaLaport_Gundam購物_0042.JPG,move_and_rename,no,否,否,依 D4 日期／行程分類，保留原始 IMG 編號以便回溯
494,IMG_4388.JPG,5526f09a6051723e30a306943e79c8e0a6e2c203a982202be6241f9b7543965b,JPEG,保留,04_260715_D4_LaLaport_Gundam_中洲,43,260715_D4_IMG4388_LaLaport_Gundam購物_0043.JPG,04_260715_D4_LaLaport_Gundam_中洲/260715_D4_IMG4388_LaLaport_Gundam購物_0043.JPG,move_and_rename,no,否,否,依 D4 日期／行程分類，保留原始 IMG 編號以便回溯
495,IMG_4389.JPG,2ea13b84ff1daf5e432bfeb7eba7cff347855247b6a751504c934a75227e1827,JPEG,保留,04_260715_D4_LaLaport_Gundam_中洲,44,260715_D4_IMG4389_LaLaport_Gundam購物_0044.JPG,04_260715_D4_LaLaport_Gundam_中洲/260715_D4_IMG4389_LaLaport_Gundam購物_0044.JPG,move_and_rename,no,否,否,依 D4 日期／行程分類，保留原始 IMG 編號以便回溯
496,IMG_4390.JPG,06691336368c603885e1a20feeae6b5dd998d7e56111d3f959f546666f0efaf8,JPEG,保留,04_260715_D4_LaLaport_Gundam_中洲,45,260715_D4_IMG4390_LaLaport_Gundam購物_0045.JPG,04_260715_D4_LaLaport_Gundam_中洲/260715_D4_IMG4390_LaLaport_Gundam購物_0045.JPG,move_and_rename,no,否,否,依 D4 日期／行程分類，保留原始 IMG 編號以便回溯
497,IMG_4391.JPG,4e73c2135383758a76b594682bb80f1f2a862a47922a129f1519ecf57ead6f50,JPEG,保留,04_260715_D4_LaLaport_Gundam_中洲,46,260715_D4_IMG4391_LaLaport_Gundam購物_0046.JPG,04_260715_D4_LaLaport_Gundam_中洲/260715_D4_IMG4391_LaLaport_Gundam購物_0046.JPG,move_and_rename,no,否,否,依 D4 日期／行程分類，保留原始 IMG 編號以便回溯
498,IMG_4392.JPG,9f2b2a70af8d4812b01b82cf640e7f97c1b3f32d6c452bf596f6cfb9a4d56fa3,JPEG,保留,04_260715_D4_LaLaport_Gundam_中洲,47,260715_D4_IMG4392_LaLaport_Gundam購物_0047.JPG,04_260715_D4_LaLaport_Gundam_中洲/260715_D4_IMG4392_LaLaport_Gundam購物_0047.JPG,move_and_rename,no,否,否,依 D4 日期／行程分類，保留原始 IMG 編號以便回溯
499,IMG_4393.JPG,b3b13672f105b4488ee078440d21038fb26c7201489733f0e857938320a59e81,JPEG,保留,04_260715_D4_LaLaport_Gundam_中洲,48,260715_D4_IMG4393_LaLaport_Gundam購物_0048.JPG,04_260715_D4_LaLaport_Gundam_中洲/260715_D4_IMG4393_LaLaport_Gundam購物_0048.JPG,move_and_rename,no,否,否,依 D4 日期／行程分類，保留原始 IMG 編號以便回溯
500,IMG_4394.PNG,b4b51777b212c432d99036bb6b72e2963626aadeb3b5e94346796b69a17ffe5a,PNG,保留,04_260715_D4_LaLaport_Gundam_中洲,49,260715_D4_IMG4394_LaLaport_Gundam購物_0049.PNG,04_260715_D4_LaLaport_Gundam_中洲/260715_D4_IMG4394_LaLaport_Gundam購物_0049.PNG,move_and_rename,no,否,否,依 D4 日期／行程分類，保留原始 IMG 編號以便回溯
501,IMG_4395.JPG,2e764713f020ded9bb4c7ac46d990e0b0188beac9d7421f4be9e79ba9e6dd8da,JPEG,保留,04_260715_D4_LaLaport_Gundam_中洲,1,260715_D4_IMG4395_中洲_屋台夜食_0001.JPG,04_260715_D4_LaLaport_Gundam_中洲/260715_D4_IMG4395_中洲_屋台夜食_0001.JPG,move_and_rename,no,否,否,依 D4 日期／行程分類，保留原始 IMG 編號以便回溯
502,IMG_4396.JPG,61889fba277da32efdf1846e1eb50b0bdaed49f227d930ce423549369623ea78,JPEG,保留,04_260715_D4_LaLaport_Gundam_中洲,2,260715_D4_IMG4396_中洲_屋台夜食_0002.JPG,04_260715_D4_LaLaport_Gundam_中洲/260715_D4_IMG4396_中洲_屋台夜食_0002.JPG,move_and_rename,no,否,否,依 D4 日期／行程分類，保留原始 IMG 編號以便回溯
503,IMG_4397.JPG,0914a4d0987c7382cec414cdeba12713dd8bcf96d57125f8659c806bca728d0d,JPEG,保留,04_260715_D4_LaLaport_Gundam_中洲,3,260715_D4_IMG4397_中洲_屋台夜食_0003.JPG,04_260715_D4_LaLaport_Gundam_中洲/260715_D4_IMG4397_中洲_屋台夜食_0003.JPG,move_and_rename,no,否,否,依 D4 日期／行程分類，保留原始 IMG 編號以便回溯
504,IMG_4398.JPG,b5be61bac565c2a2988376e000bad1564344f01ee36c97483cab8d1795635ee0,JPEG,保留,04_260715_D4_LaLaport_Gundam_中洲,4,260715_D4_IMG4398_中洲_屋台夜食_0004.JPG,04_260715_D4_LaLaport_Gundam_中洲/260715_D4_IMG4398_中洲_屋台夜食_0004.JPG,move_and_rename,no,否,否,依 D4 日期／行程分類，保留原始 IMG 編號以便回溯
505,IMG_4400.JPG,58b3eadc18dbb91b7186abbb27b5ffe8cd839b667adbaae4d517941da6091f4d,JPEG,保留,04_260715_D4_LaLaport_Gundam_中洲,5,260715_D4_IMG4400_中洲_屋台夜食_0005.JPG,04_260715_D4_LaLaport_Gundam_中洲/260715_D4_IMG4400_中洲_屋台夜食_0005.JPG,move_and_rename,no,否,否,依 D4 日期／行程分類，保留原始 IMG 編號以便回溯
506,IMG_4401.JPG,523e933a455e7b153f9a07a14ecfe1cf3586a1f5019af0615ba9878bc4faf007,JPEG,保留,04_260715_D4_LaLaport_Gundam_中洲,6,260715_D4_IMG4401_中洲_屋台夜食_0006.JPG,04_260715_D4_LaLaport_Gundam_中洲/260715_D4_IMG4401_中洲_屋台夜食_0006.JPG,move_and_rename,no,否,否,依 D4 日期／行程分類，保留原始 IMG 編號以便回溯
507,IMG_4402.JPG,d529214a65ecc4c4451059b6d7c1ee4b18d82c92326eab93a5bfd965ae6338b2,JPEG,保留,04_260715_D4_LaLaport_Gundam_中洲,7,260715_D4_IMG4402_中洲_屋台夜食_0007.JPG,04_260715_D4_LaLaport_Gundam_中洲/260715_D4_IMG4402_中洲_屋台夜食_0007.JPG,move_and_rename,no,否,否,依 D4 日期／行程分類，保留原始 IMG 編號以便回溯
508,IMG_4403.JPG,9cb71d10bd5aebc38f9ffb886125d09ba77ed531699aa71e149ff8710b082f07,JPEG,保留,04_260715_D4_LaLaport_Gundam_中洲,8,260715_D4_IMG4403_中洲_屋台夜食_0008.JPG,04_260715_D4_LaLaport_Gundam_中洲/260715_D4_IMG4403_中洲_屋台夜食_0008.JPG,move_and_rename,no,否,否,依 D4 日期／行程分類，保留原始 IMG 編號以便回溯
509,IMG_4404.JPG,af516715af5e41ea21e59f99b3d88fb83be8994705daf2f37b3b37f38aa31f27,JPEG,保留,04_260715_D4_LaLaport_Gundam_中洲,9,260715_D4_IMG4404_中洲_屋台夜食_0009.JPG,04_260715_D4_LaLaport_Gundam_中洲/260715_D4_IMG4404_中洲_屋台夜食_0009.JPG,move_and_rename,no,否,否,依 D4 日期／行程分類，保留原始 IMG 編號以便回溯
510,IMG_4405.JPG,b209d244f607bfbfa5507905729fd7851ff97f7c845652002e31aba9531a654f,JPEG,保留,04_260715_D4_LaLaport_Gundam_中洲,10,260715_D4_IMG4405_中洲_屋台夜食_0010.JPG,04_260715_D4_LaLaport_Gundam_中洲/260715_D4_IMG4405_中洲_屋台夜食_0010.JPG,move_and_rename,no,否,否,依 D4 日期／行程分類，保留原始 IMG 編號以便回溯
511,IMG_4406.JPG,bc17529fd136585028ca08e5a1db6f9d914259f54002b9727c711ab6de6d8048,JPEG,保留,04_260715_D4_LaLaport_Gundam_中洲,11,260715_D4_IMG4406_中洲_屋台夜食_0011.JPG,04_260715_D4_LaLaport_Gundam_中洲/260715_D4_IMG4406_中洲_屋台夜食_0011.JPG,move_and_rename,no,否,否,依 D4 日期／行程分類，保留原始 IMG 編號以便回溯
512,IMG_4407.JPG,909427bed5d1427e02e05c4e49626bfb1320c9d5f4183439cda245a6d2095370,JPEG,保留,04_260715_D4_LaLaport_Gundam_中洲,12,260715_D4_IMG4407_中洲_屋台夜食_0012.JPG,04_260715_D4_LaLaport_Gundam_中洲/260715_D4_IMG4407_中洲_屋台夜食_0012.JPG,move_and_rename,no,否,否,依 D4 日期／行程分類，保留原始 IMG 編號以便回溯
513,IMG_4408.JPG,b5bc5d27cbe714bfb32b2a5e48c4a9db22e2a4f3b090a70fbc4664194ccdcd2c,JPEG,保留,04_260715_D4_LaLaport_Gundam_中洲,13,260715_D4_IMG4408_中洲_屋台夜食_0013.JPG,04_260715_D4_LaLaport_Gundam_中洲/260715_D4_IMG4408_中洲_屋台夜食_0013.JPG,move_and_rename,no,否,否,依 D4 日期／行程分類，保留原始 IMG 編號以便回溯
514,IMG_4409.JPG,b1b243aaf2d6adc85e0abba6d6f034f63da5a13851b46e4c02b0effc0f149ea3,JPEG,保留,04_260715_D4_LaLaport_Gundam_中洲,14,260715_D4_IMG4409_中洲_屋台夜食_0014.JPG,04_260715_D4_LaLaport_Gundam_中洲/260715_D4_IMG4409_中洲_屋台夜食_0014.JPG,move_and_rename,no,否,否,依 D4 日期／行程分類，保留原始 IMG 編號以便回溯
515,IMG_4410.JPG,a7af0c464fe1c508b345115875fd82c3fe318ea69250da0c3ffb561d17785a43,JPEG,保留,04_260715_D4_LaLaport_Gundam_中洲,15,260715_D4_IMG4410_中洲_屋台夜食_0015.JPG,04_260715_D4_LaLaport_Gundam_中洲/260715_D4_IMG4410_中洲_屋台夜食_0015.JPG,move_and_rename,no,否,否,依 D4 日期／行程分類，保留原始 IMG 編號以便回溯
516,IMG_4411.JPG,12c92b9b30534250069411ecce8cda81f58fc7d951eb886090527b84fdab257e,JPEG,保留,04_260715_D4_LaLaport_Gundam_中洲,16,260715_D4_IMG4411_中洲_屋台夜食_0016.JPG,04_260715_D4_LaLaport_Gundam_中洲/260715_D4_IMG4411_中洲_屋台夜食_0016.JPG,move_and_rename,no,否,否,依 D4 日期／行程分類，保留原始 IMG 編號以便回溯
517,IMG_4412.PNG,270f09d06b11369083ebbbfb4e4cab483ecf04ff9bc6f0d9c2996a775be0d2e5,PNG,淘汰候選,_審核後刪除,10,260715_D4_IMG4412_淘汰_待審核_0010.PNG,_審核後刪除/260715_D4_IMG4412_淘汰_待審核_0010.PNG,move_to_review,no,否,否,僅移入既有 _審核後刪除；保留可回復性，不永久刪除
518,IMG_4413.PNG,76212e7d64855600b98af9d012a670738dc87da9ea98ad47bae8fa83d70653e6,PNG,淘汰候選,_審核後刪除,11,260715_D4_IMG4413_淘汰_待審核_0011.PNG,_審核後刪除/260715_D4_IMG4413_淘汰_待審核_0011.PNG,move_to_review,no,否,否,僅移入既有 _審核後刪除；保留可回復性，不永久刪除
519,IMG_4414.JPG,c8115a170171988f5fe2b22d200147442e3f4004a587817f347c13a0442dce32,JPEG,保留,05_260716_D5_福岡機場_返程,1,260716_D5_IMG4414_福岡機場_飛機航站_0001.JPG,05_260716_D5_福岡機場_返程/260716_D5_IMG4414_福岡機場_飛機航站_0001.JPG,move_and_rename,no,否,否,依 D5 日期／行程分類，保留原始 IMG 編號以便回溯
520,IMG_4415.JPG,a65ede266938837db687513ba8e1ed6e5b6db46505811de26d0054b521f13468,JPEG,保留,05_260716_D5_福岡機場_返程,2,260716_D5_IMG4415_福岡機場_飛機航站_0002.JPG,05_260716_D5_福岡機場_返程/260716_D5_IMG4415_福岡機場_飛機航站_0002.JPG,move_and_rename,no,否,否,依 D5 日期／行程分類，保留原始 IMG 編號以便回溯
521,IMG_4416.JPG,40a9da84bc05c4913d137636d32a52ab153f26f71b9505587446761a5266b372,JPEG,保留,05_260716_D5_福岡機場_返程,3,260716_D5_IMG4416_福岡機場_飛機航站_0003.JPG,05_260716_D5_福岡機場_返程/260716_D5_IMG4416_福岡機場_飛機航站_0003.JPG,move_and_rename,no,否,否,依 D5 日期／行程分類，保留原始 IMG 編號以便回溯
522,IMG_4417.JPG,8441eee19be3baebfa9650a77fa753f38df12d83a2bd6fce09bf4a13c1892c71,JPEG,保留,05_260716_D5_福岡機場_返程,4,260716_D5_IMG4417_福岡機場_飛機航站_0004.JPG,05_260716_D5_福岡機場_返程/260716_D5_IMG4417_福岡機場_飛機航站_0004.JPG,move_and_rename,no,否,否,依 D5 日期／行程分類，保留原始 IMG 編號以便回溯
523,IMG_4418.JPG,ec151849f4c338f97cdf51c01a18d66b611c8028b6e8e29d8ee033a3902f8854,JPEG,保留,05_260716_D5_福岡機場_返程,5,260716_D5_IMG4418_福岡機場_飛機航站_0005.JPG,05_260716_D5_福岡機場_返程/260716_D5_IMG4418_福岡機場_飛機航站_0005.JPG,move_and_rename,no,是,是,依 D5 日期／行程分類，保留原始 IMG 編號以便回溯
524,IMG_4419.JPG,e4fe03bfd7b80bd665cf5c71cff2021629f43443983022e854efb6cdac72957e,JPEG,保留,05_260716_D5_福岡機場_返程,6,260716_D5_IMG4419_福岡機場_飛機航站_0006.JPG,05_260716_D5_福岡機場_返程/260716_D5_IMG4419_福岡機場_飛機航站_0006.JPG,move_and_rename,no,否,否,依 D5 日期／行程分類，保留原始 IMG 編號以便回溯
525,IMG_4420.JPG,d863d954de5e33e2499d1258ed587e0e9c79515b98adf6de155eceeff579ef81,JPEG,保留,05_260716_D5_福岡機場_返程,7,260716_D5_IMG4420_福岡機場_飛機航站_0007.JPG,05_260716_D5_福岡機場_返程/260716_D5_IMG4420_福岡機場_飛機航站_0007.JPG,move_and_rename,no,否,否,依 D5 日期／行程分類，保留原始 IMG 編號以便回溯
526,IMG_4421.JPG,6cbee2a4daf0f0883a40f4d6ed37b8a1eb8dba9801349b4d48972d711dc85ddf,JPEG,保留,05_260716_D5_福岡機場_返程,8,260716_D5_IMG4421_福岡機場_飛機航站_0008.JPG,05_260716_D5_福岡機場_返程/260716_D5_IMG4421_福岡機場_飛機航站_0008.JPG,move_and_rename,no,否,否,依 D5 日期／行程分類，保留原始 IMG 編號以便回溯
527,IMG_4422.JPG,36b57e3810bfd9b8cf532e9873de50afeaa07b3f85163d7f920df412adbf476c,JPEG,保留,05_260716_D5_福岡機場_返程,9,260716_D5_IMG4422_福岡機場_飛機航站_0009.JPG,05_260716_D5_福岡機場_返程/260716_D5_IMG4422_福岡機場_飛機航站_0009.JPG,move_and_rename,no,否,否,依 D5 日期／行程分類，保留原始 IMG 編號以便回溯
528,IMG_4423.JPG,759a56ffe476f1c3ead456c10934d3cf67ff6db2c8787941e71b3e370ddbff28,JPEG,保留,05_260716_D5_福岡機場_返程,10,260716_D5_IMG4423_福岡機場_飛機航站_0010.JPG,05_260716_D5_福岡機場_返程/260716_D5_IMG4423_福岡機場_飛機航站_0010.JPG,move_and_rename,no,否,否,依 D5 日期／行程分類，保留原始 IMG 編號以便回溯
529,IMG_4424.JPG,6dec2cad415858b2d7d563f5a65ee15e068a25068ddf89c3ee7894d2e4b4ee57,JPEG,保留,05_260716_D5_福岡機場_返程,11,260716_D5_IMG4424_福岡機場_飛機航站_0011.JPG,05_260716_D5_福岡機場_返程/260716_D5_IMG4424_福岡機場_飛機航站_0011.JPG,move_and_rename,no,否,否,依 D5 日期／行程分類，保留原始 IMG 編號以便回溯
530,IMG_4425.JPG,39cef8ee5819f2a2970904723e5e4d908231ee630ff972f3aef7be96dea721be,JPEG,保留,05_260716_D5_福岡機場_返程,12,260716_D5_IMG4425_福岡機場_飛機航站_0012.JPG,05_260716_D5_福岡機場_返程/260716_D5_IMG4425_福岡機場_飛機航站_0012.JPG,move_and_rename,no,否,否,依 D5 日期／行程分類，保留原始 IMG 編號以便回溯
531,IMG_4426.JPG,812c0f71df5212a99685df848a29c65e936d7225440c76a94ad0d011b6adf28e,JPEG,保留,05_260716_D5_福岡機場_返程,13,260716_D5_IMG4426_福岡機場_飛機航站_0013.JPG,05_260716_D5_福岡機場_返程/260716_D5_IMG4426_福岡機場_飛機航站_0013.JPG,move_and_rename,no,否,否,依 D5 日期／行程分類，保留原始 IMG 編號以便回溯
532,IMG_4427.JPG,a498095003aba934b9339491a5984a093dafea61f8e54c0be94abe7e0054248d,JPEG,保留,05_260716_D5_福岡機場_返程,14,260716_D5_IMG4427_福岡機場_飛機航站_0014.JPG,05_260716_D5_福岡機場_返程/260716_D5_IMG4427_福岡機場_飛機航站_0014.JPG,move_and_rename,no,否,否,依 D5 日期／行程分類，保留原始 IMG 編號以便回溯
533,IMG_4428.JPG,c3dc70ab4a32c09df70b5b737efee2c314877655919b442b4dbf5cb81125fd32,JPEG,保留,05_260716_D5_福岡機場_返程,15,260716_D5_IMG4428_福岡機場_飛機航站_0015.JPG,05_260716_D5_福岡機場_返程/260716_D5_IMG4428_福岡機場_飛機航站_0015.JPG,move_and_rename,no,是,是,依 D5 日期／行程分類，保留原始 IMG 編號以便回溯
534,IMG_4429.JPG,ad9ef21952cfd19443e8ea38ad2d010b518c493c0d0f4f7162478eb189a35955,JPEG,保留,05_260716_D5_福岡機場_返程,16,260716_D5_IMG4429_福岡機場_飛機航站_0016.JPG,05_260716_D5_福岡機場_返程/260716_D5_IMG4429_福岡機場_飛機航站_0016.JPG,move_and_rename,no,否,否,依 D5 日期／行程分類，保留原始 IMG 編號以便回溯
535,IMG_4430.JPG,2af4102c389c406605522722129e02b7f2d63f19a4f411eb00a7ee5e4af7d8ea,JPEG,保留,05_260716_D5_福岡機場_返程,17,260716_D5_IMG4430_福岡機場_飛機航站_0017.JPG,05_260716_D5_福岡機場_返程/260716_D5_IMG4430_福岡機場_飛機航站_0017.JPG,move_and_rename,no,否,否,依 D5 日期／行程分類，保留原始 IMG 編號以便回溯
536,IMG_4431.JPG,293cfac58f5cc33f38246057392c5b9beff4f7ef1c8d837a4f555b506b0f8966,JPEG,保留,05_260716_D5_福岡機場_返程,18,260716_D5_IMG4431_福岡機場_飛機航站_0018.JPG,05_260716_D5_福岡機場_返程/260716_D5_IMG4431_福岡機場_飛機航站_0018.JPG,move_and_rename,no,否,否,依 D5 日期／行程分類，保留原始 IMG 編號以便回溯
537,IMG_4432.JPG,e9d6cd822a0113e778ba0d693dfd4f6fa48169912a5e0fc3bada4d5f6394fa98,JPEG,保留,05_260716_D5_福岡機場_返程,19,260716_D5_IMG4432_福岡機場_飛機航站_0019.JPG,05_260716_D5_福岡機場_返程/260716_D5_IMG4432_福岡機場_飛機航站_0019.JPG,move_and_rename,no,否,否,依 D5 日期／行程分類，保留原始 IMG 編號以便回溯
538,IMG_4433.JPG,7f9df32092966cfab5b9e3853501710c44b0fae7d0af4ce1fe658d897f9448f8,JPEG,保留,05_260716_D5_福岡機場_返程,20,260716_D5_IMG4433_福岡機場_飛機航站_0020.JPG,05_260716_D5_福岡機場_返程/260716_D5_IMG4433_福岡機場_飛機航站_0020.JPG,move_and_rename,no,否,否,依 D5 日期／行程分類，保留原始 IMG 編號以便回溯
539,IMG_4434.JPG,c8808f88e66b92b0eb8a0ff5b1129c4e68d3e0314e7292241927ad677ca06c0b,JPEG,保留,05_260716_D5_福岡機場_返程,21,260716_D5_IMG4434_福岡機場_飛機航站_0021.JPG,05_260716_D5_福岡機場_返程/260716_D5_IMG4434_福岡機場_飛機航站_0021.JPG,move_and_rename,no,否,否,依 D5 日期／行程分類，保留原始 IMG 編號以便回溯
540,IMG_4435.JPG,e3d92e9ceef5ac35fd054a0d30f7ddd700dd286cbbcfca39c55e707f0292df15,JPEG,保留,05_260716_D5_福岡機場_返程,22,260716_D5_IMG4435_福岡機場_飛機航站_0022.JPG,05_260716_D5_福岡機場_返程/260716_D5_IMG4435_福岡機場_飛機航站_0022.JPG,move_and_rename,no,否,否,依 D5 日期／行程分類，保留原始 IMG 編號以便回溯
541,IMG_4436.JPG,eb39ca45d8097dd62974f544566adfc7ee12b53638f04ddbe861f587a182d9d6,JPEG,保留,05_260716_D5_福岡機場_返程,23,260716_D5_IMG4436_福岡機場_飛機航站_0023.JPG,05_260716_D5_福岡機場_返程/260716_D5_IMG4436_福岡機場_飛機航站_0023.JPG,move_and_rename,no,否,否,依 D5 日期／行程分類，保留原始 IMG 編號以便回溯
542,IMG_4437.JPG,fbd807bcd852b71d4069d14c92193f91d53dbb92a69d822f21bad6f545af46ba,JPEG,保留,05_260716_D5_福岡機場_返程,24,260716_D5_IMG4437_福岡機場_飛機航站_0024.JPG,05_260716_D5_福岡機場_返程/260716_D5_IMG4437_福岡機場_飛機航站_0024.JPG,move_and_rename,no,否,否,依 D5 日期／行程分類，保留原始 IMG 編號以便回溯
543,IMG_4438.JPG,cd5351a17702440582f2e5f20d0a3745d14cc79c314bd61ccd4e203d3d88fd5a,JPEG,保留,05_260716_D5_福岡機場_返程,25,260716_D5_IMG4438_福岡機場_飛機航站_0025.JPG,05_260716_D5_福岡機場_返程/260716_D5_IMG4438_福岡機場_飛機航站_0025.JPG,move_and_rename,no,否,否,依 D5 日期／行程分類，保留原始 IMG 編號以便回溯
544,IMG_4439.JPG,1dbb23c732258b450bc6e05cab798f9d4cda4b3a8758d5829380800110611b97,JPEG,保留,05_260716_D5_福岡機場_返程,26,260716_D5_IMG4439_福岡機場_飛機航站_0026.JPG,05_260716_D5_福岡機場_返程/260716_D5_IMG4439_福岡機場_飛機航站_0026.JPG,move_and_rename,no,否,否,依 D5 日期／行程分類，保留原始 IMG 編號以便回溯
545,IMG_4440.JPG,df483c5e759dc36bc3608286a882ad9fe5ee2a52f658b44bce63f1c88e6d7411,JPEG,保留,05_260716_D5_福岡機場_返程,27,260716_D5_IMG4440_福岡機場_飛機航站_0027.JPG,05_260716_D5_福岡機場_返程/260716_D5_IMG4440_福岡機場_飛機航站_0027.JPG,move_and_rename,no,否,否,依 D5 日期／行程分類，保留原始 IMG 編號以便回溯
546,IMG_4441.JPG,d766766e10df783a784cd5cec73a5e32049fbca0d255caf63c4100a0a610ba76,JPEG,保留,05_260716_D5_福岡機場_返程,28,260716_D5_IMG4441_福岡機場_飛機航站_0028.JPG,05_260716_D5_福岡機場_返程/260716_D5_IMG4441_福岡機場_飛機航站_0028.JPG,move_and_rename,no,否,否,依 D5 日期／行程分類，保留原始 IMG 編號以便回溯
547,IMG_4442.JPG,c78c716cb41bf43046952debaf3e949f2113e5a9edaeace56832a5ff19c5a446,JPEG,保留,05_260716_D5_福岡機場_返程,29,260716_D5_IMG4442_福岡機場_飛機航站_0029.JPG,05_260716_D5_福岡機場_返程/260716_D5_IMG4442_福岡機場_飛機航站_0029.JPG,move_and_rename,no,否,否,依 D5 日期／行程分類，保留原始 IMG 編號以便回溯
548,IMG_4443.JPG,4d6be048b1ae109d00de4a0d83984d044ed57fe82f219b9f8abdff487e0f8a76,JPEG,保留,05_260716_D5_福岡機場_返程,30,260716_D5_IMG4443_福岡機場_飛機航站_0030.JPG,05_260716_D5_福岡機場_返程/260716_D5_IMG4443_福岡機場_飛機航站_0030.JPG,move_and_rename,no,否,否,依 D5 日期／行程分類，保留原始 IMG 編號以便回溯
549,IMG_4444.JPG,adb709e425a1002639f490b98b63299b4ea3e25e4c8ba43038b335ce8897d903,JPEG,保留,05_260716_D5_福岡機場_返程,31,260716_D5_IMG4444_福岡機場_飛機航站_0031.JPG,05_260716_D5_福岡機場_返程/260716_D5_IMG4444_福岡機場_飛機航站_0031.JPG,move_and_rename,no,否,否,依 D5 日期／行程分類，保留原始 IMG 編號以便回溯
550,IMG_4445.JPG,6cf55666ab71f77f557ee3c1335ec45636ca3c0325572e6f4b9e65d9182ebd87,JPEG,保留,05_260716_D5_福岡機場_返程,32,260716_D5_IMG4445_福岡機場_飛機航站_0032.JPG,05_260716_D5_福岡機場_返程/260716_D5_IMG4445_福岡機場_飛機航站_0032.JPG,move_and_rename,no,否,否,依 D5 日期／行程分類，保留原始 IMG 編號以便回溯
551,IMG_4446.JPG,b91c102d92754130be6124c20d3795ea4593b2e9b12506cc60a3492dbef18cda,JPEG,保留,05_260716_D5_福岡機場_返程,1,260716_D5_IMG4446_福岡機場_離境行李_0001.JPG,05_260716_D5_福岡機場_返程/260716_D5_IMG4446_福岡機場_離境行李_0001.JPG,move_and_rename,no,是,否,依 D5 日期／行程分類，保留原始 IMG 編號以便回溯
552,IMG_4447.JPG,ef583c498a0b873e9910f4f1b6cd3f2667cd402679487a5395d09a048f0a16f0,JPEG,保留,05_260716_D5_福岡機場_返程,2,260716_D5_IMG4447_福岡機場_離境行李_0002.JPG,05_260716_D5_福岡機場_返程/260716_D5_IMG4447_福岡機場_離境行李_0002.JPG,move_and_rename,no,否,否,依 D5 日期／行程分類，保留原始 IMG 編號以便回溯
553,IMG_4448.JPG,1b9822fd5e641fb31828cf6c56498445bfe4a0beaa2274cfd9c25498b75ed226,JPEG,保留,05_260716_D5_福岡機場_返程,3,260716_D5_IMG4448_福岡機場_離境行李_0003.JPG,05_260716_D5_福岡機場_返程/260716_D5_IMG4448_福岡機場_離境行李_0003.JPG,move_and_rename,no,否,否,依 D5 日期／行程分類，保留原始 IMG 編號以便回溯
554,IMG_4449.JPG,849972cc5ae6a55fc6d419b53bc3a83de6b817680fec831392c3024a76818393,JPEG,保留,05_260716_D5_福岡機場_返程,4,260716_D5_IMG4449_福岡機場_離境行李_0004.JPG,05_260716_D5_福岡機場_返程/260716_D5_IMG4449_福岡機場_離境行李_0004.JPG,move_and_rename,no,否,否,依 D5 日期／行程分類，保留原始 IMG 編號以便回溯
555,IMG_4450.JPG,553f6a9e94a10540d8d874326976e79e88da0e5c008cc7ed427b9e91440eb300,JPEG,保留,05_260716_D5_福岡機場_返程,5,260716_D5_IMG4450_福岡機場_離境行李_0005.JPG,05_260716_D5_福岡機場_返程/260716_D5_IMG4450_福岡機場_離境行李_0005.JPG,move_and_rename,no,否,否,依 D5 日期／行程分類，保留原始 IMG 編號以便回溯
556,IMG_4451.JPG,a1323222f8d34e6f6e7e74ebc3e774b1ee6e348eaf02b9646f0d9e6785979846,JPEG,保留,05_260716_D5_福岡機場_返程,6,260716_D5_IMG4451_福岡機場_離境行李_0006.JPG,05_260716_D5_福岡機場_返程/260716_D5_IMG4451_福岡機場_離境行李_0006.JPG,move_and_rename,no,否,否,依 D5 日期／行程分類，保留原始 IMG 編號以便回溯
557,IMG_4452.JPG,ad5313db414a63524e42392b915fe7b0f37b087f3cdf6da35e41ec6e7239f832,JPEG,保留,05_260716_D5_福岡機場_返程,7,260716_D5_IMG4452_福岡機場_離境行李_0007.JPG,05_260716_D5_福岡機場_返程/260716_D5_IMG4452_福岡機場_離境行李_0007.JPG,move_and_rename,no,否,否,依 D5 日期／行程分類，保留原始 IMG 編號以便回溯
558,IMG_4455.JPG,e9c97e1b68f0174390a017cae5daba77cba6d957e259bbd60bbc31e72de6b933,JPEG,保留,05_260716_D5_福岡機場_返程,8,260716_D5_IMG4455_福岡機場_離境行李_0008.JPG,05_260716_D5_福岡機場_返程/260716_D5_IMG4455_福岡機場_離境行李_0008.JPG,move_and_rename,no,是,否,依 D5 日期／行程分類，保留原始 IMG 編號以便回溯
559,IMG_4456.JPG,73c432b8bc19cf49c86078a08b5eb05f16a551f3b3787a8882ed045b5eb59d9d,JPEG,保留,05_260716_D5_福岡機場_返程,9,260716_D5_IMG4456_福岡機場_離境行李_0009.JPG,05_260716_D5_福岡機場_返程/260716_D5_IMG4456_福岡機場_離境行李_0009.JPG,move_and_rename,no,否,否,依 D5 日期／行程分類，保留原始 IMG 編號以便回溯
560,IMG_4457.JPG,df5b5fcecb1431e2232bde1f9863d30a1e6d7d684a64f14e963af6a0f96cacfa,JPEG,保留,05_260716_D5_福岡機場_返程,10,260716_D5_IMG4457_福岡機場_離境行李_0010.JPG,05_260716_D5_福岡機場_返程/260716_D5_IMG4457_福岡機場_離境行李_0010.JPG,move_and_rename,no,否,否,依 D5 日期／行程分類，保留原始 IMG 編號以便回溯
561,IMG_4458.JPG,921ee58dd3bf76c19e050a0292423998294933bf6d2d9891b88b931600f58105,JPEG,保留,05_260716_D5_福岡機場_返程,11,260716_D5_IMG4458_福岡機場_離境行李_0011.JPG,05_260716_D5_福岡機場_返程/260716_D5_IMG4458_福岡機場_離境行李_0011.JPG,move_and_rename,no,否,否,依 D5 日期／行程分類，保留原始 IMG 編號以便回溯
562,IMG_4459.JPG,34203ffb75ede45729642248269de40995fbb8302f90d40b8c4ddf4139f958a6,JPEG,保留,05_260716_D5_福岡機場_返程,12,260716_D5_IMG4459_福岡機場_離境行李_0012.JPG,05_260716_D5_福岡機場_返程/260716_D5_IMG4459_福岡機場_離境行李_0012.JPG,move_and_rename,no,否,否,依 D5 日期／行程分類，保留原始 IMG 編號以便回溯
563,IMG_4460.JPG,372977bdf5b76e598b317e97e7a8ebbeedfdc7d0a6f9594b17aa4d07a2c66c30,JPEG,保留,05_260716_D5_福岡機場_返程,13,260716_D5_IMG4460_福岡機場_離境行李_0013.JPG,05_260716_D5_福岡機場_返程/260716_D5_IMG4460_福岡機場_離境行李_0013.JPG,move_and_rename,no,否,否,依 D5 日期／行程分類，保留原始 IMG 編號以便回溯
564,IMG_4461.JPG,855184dde42d0fc74d517ae38aaf51f59068690caeb9a9bec6c20168b0ce3111,JPEG,保留,05_260716_D5_福岡機場_返程,14,260716_D5_IMG4461_福岡機場_離境行李_0014.JPG,05_260716_D5_福岡機場_返程/260716_D5_IMG4461_福岡機場_離境行李_0014.JPG,move_and_rename,no,否,否,依 D5 日期／行程分類，保留原始 IMG 編號以便回溯
565,IMG_4462.JPG,ce79f9f22bd83d5ec4d2cf622b6c10cf8f9cc6ed1d26d385866a19f555ea82df,JPEG,保留,05_260716_D5_福岡機場_返程,15,260716_D5_IMG4462_福岡機場_離境行李_0015.JPG,05_260716_D5_福岡機場_返程/260716_D5_IMG4462_福岡機場_離境行李_0015.JPG,move_and_rename,no,否,否,依 D5 日期／行程分類，保留原始 IMG 編號以便回溯
566,IMG_4463.JPG,16dcd7a84952ce6d64a33b7e1faa64d8d18ecc793725d41602af3b69dc134e24,JPEG,保留,05_260716_D5_福岡機場_返程,16,260716_D5_IMG4463_福岡機場_離境行李_0016.JPG,05_260716_D5_福岡機場_返程/260716_D5_IMG4463_福岡機場_離境行李_0016.JPG,move_and_rename,no,否,否,依 D5 日期／行程分類，保留原始 IMG 編號以便回溯
567,IMG_4464.JPG,430f06c738e1d10dd3edbb36ac5b16af5f5a33189df747e4dce9dcedadb5aeb8,JPEG,保留,05_260716_D5_福岡機場_返程,17,260716_D5_IMG4464_福岡機場_離境行李_0017.JPG,05_260716_D5_福岡機場_返程/260716_D5_IMG4464_福岡機場_離境行李_0017.JPG,move_and_rename,no,否,否,依 D5 日期／行程分類，保留原始 IMG 編號以便回溯
568,IMG_4465.JPG,6da29e8896eb733f42d1e2a2762febdab169020d9b4496355d10fa19db17bc7c,JPEG,保留,05_260716_D5_福岡機場_返程,18,260716_D5_IMG4465_福岡機場_離境行李_0018.JPG,05_260716_D5_福岡機場_返程/260716_D5_IMG4465_福岡機場_離境行李_0018.JPG,move_and_rename,no,否,否,依 D5 日期／行程分類，保留原始 IMG 編號以便回溯
569,IMG_4466.JPG,d14fbb1a07d6f5071654d2983d0a6b4ff29673b03c12c4b3d02909c20b59b737,JPEG,保留,05_260716_D5_福岡機場_返程,19,260716_D5_IMG4466_福岡機場_離境行李_0019.JPG,05_260716_D5_福岡機場_返程/260716_D5_IMG4466_福岡機場_離境行李_0019.JPG,move_and_rename,no,否,否,依 D5 日期／行程分類，保留原始 IMG 編號以便回溯
570,IMG_4467.JPG,5016085c72fb10b57aae0ab4504bc8686fb5104d429d3cb95dc857391169debb,JPEG,保留,05_260716_D5_福岡機場_返程,20,260716_D5_IMG4467_福岡機場_離境行李_0020.JPG,05_260716_D5_福岡機場_返程/260716_D5_IMG4467_福岡機場_離境行李_0020.JPG,move_and_rename,no,否,否,依 D5 日期／行程分類，保留原始 IMG 編號以便回溯
571,IMG_4468.JPG,ac78f90da75c1e4c37f3abf03d1095e419ea4c8c11f78c77c6d7fb7fc41cc002,JPEG,保留,05_260716_D5_福岡機場_返程,21,260716_D5_IMG4468_福岡機場_離境行李_0021.JPG,05_260716_D5_福岡機場_返程/260716_D5_IMG4468_福岡機場_離境行李_0021.JPG,move_and_rename,no,否,否,依 D5 日期／行程分類，保留原始 IMG 編號以便回溯
572,IMG_4472.JPG,e927bc3ded869300a7a85ca1ee5a4bfe84e5f850411712d45974492f9decf02c,JPEG,保留,05_260716_D5_福岡機場_返程,22,260716_D5_IMG4472_福岡機場_離境行李_0022.JPG,05_260716_D5_福岡機場_返程/260716_D5_IMG4472_福岡機場_離境行李_0022.JPG,move_and_rename,no,是,是,依 D5 日期／行程分類，保留原始 IMG 編號以便回溯
573,IMG_4473.JPG,0821c0679914dc510b412fdd68f2a966217e4cf4b234a548c35d56de25126971,JPEG,保留,05_260716_D5_福岡機場_返程,23,260716_D5_IMG4473_福岡機場_離境行李_0023.JPG,05_260716_D5_福岡機場_返程/260716_D5_IMG4473_福岡機場_離境行李_0023.JPG,move_and_rename,no,否,否,依 D5 日期／行程分類，保留原始 IMG 編號以便回溯
574,IMG_4475.JPG,0216fd2bf084b69dde7f03e687eafff78af72d9ae81db654b61c109c42f24347,JPEG,保留,05_260716_D5_福岡機場_返程,24,260716_D5_IMG4475_福岡機場_離境行李_0024.JPG,05_260716_D5_福岡機場_返程/260716_D5_IMG4475_福岡機場_離境行李_0024.JPG,move_and_rename,no,否,否,依 D5 日期／行程分類，保留原始 IMG 編號以便回溯
575,IMG_4476.JPG,2eedd6f54c6c0ebb6317d93c5d6470a8fb10419aea1970b67e38ee3bb2a4f683,JPEG,保留,05_260716_D5_福岡機場_返程,25,260716_D5_IMG4476_福岡機場_離境行李_0025.JPG,05_260716_D5_福岡機場_返程/260716_D5_IMG4476_福岡機場_離境行李_0025.JPG,move_and_rename,no,否,否,依 D5 日期／行程分類，保留原始 IMG 編號以便回溯
576,IMG_4477.JPG,28585370f6697d23a8f14cbdfef50e4b1d0f7e279afcfdb4075ba2806a9f1794,JPEG,保留,05_260716_D5_福岡機場_返程,26,260716_D5_IMG4477_福岡機場_離境行李_0026.JPG,05_260716_D5_福岡機場_返程/260716_D5_IMG4477_福岡機場_離境行李_0026.JPG,move_and_rename,no,否,否,依 D5 日期／行程分類，保留原始 IMG 編號以便回溯
577,IMG_4478.JPG,97d54d098f6b1ce554c66cc816335ad7a956a7715fefff86dfe95ca6e94a8adf,JPEG,保留,05_260716_D5_福岡機場_返程,27,260716_D5_IMG4478_福岡機場_離境行李_0027.JPG,05_260716_D5_福岡機場_返程/260716_D5_IMG4478_福岡機場_離境行李_0027.JPG,move_and_rename,no,否,否,依 D5 日期／行程分類，保留原始 IMG 編號以便回溯
578,IMG_4479.JPG,c4f4edd9ffb9e818d0f702fef93d86079550a60bf967c7a0e0d4b9f156ad4ca3,JPEG,保留,05_260716_D5_福岡機場_返程,28,260716_D5_IMG4479_福岡機場_離境行李_0028.JPG,05_260716_D5_福岡機場_返程/260716_D5_IMG4479_福岡機場_離境行李_0028.JPG,move_and_rename,no,否,否,依 D5 日期／行程分類，保留原始 IMG 編號以便回溯
579,IMG_4480.JPG,bb9c33a9af21a0756df483ea09c8d3a72ad04186cf9d156e38fa1ed41005b4b5,JPEG,保留,05_260716_D5_福岡機場_返程,29,260716_D5_IMG4480_福岡機場_離境行李_0029.JPG,05_260716_D5_福岡機場_返程/260716_D5_IMG4480_福岡機場_離境行李_0029.JPG,move_and_rename,no,否,否,依 D5 日期／行程分類，保留原始 IMG 編號以便回溯
580,IMG_4481.JPG,f55e04ed4cff6ee1aef699d8d467d8091145ea687fc3227979768156491e4788,JPEG,保留,05_260716_D5_福岡機場_返程,30,260716_D5_IMG4481_福岡機場_離境行李_0030.JPG,05_260716_D5_福岡機場_返程/260716_D5_IMG4481_福岡機場_離境行李_0030.JPG,move_and_rename,no,否,否,依 D5 日期／行程分類，保留原始 IMG 編號以便回溯
581,IMG_4482.JPG,e4c3d57d6bb567bcee2baec742e3e493dc57d252bb2c88d0134e9781ff502d63,JPEG,保留,05_260716_D5_福岡機場_返程,31,260716_D5_IMG4482_福岡機場_離境行李_0031.JPG,05_260716_D5_福岡機場_返程/260716_D5_IMG4482_福岡機場_離境行李_0031.JPG,move_and_rename,no,否,否,依 D5 日期／行程分類，保留原始 IMG 編號以便回溯
582,IMG_4483.JPG,0c1e2217f94cdb24bfbd5fe3cc62500b3ce9309ed520e77be0a11c0cb9ff17cf,JPEG,保留,05_260716_D5_福岡機場_返程,32,260716_D5_IMG4483_福岡機場_離境行李_0032.JPG,05_260716_D5_福岡機場_返程/260716_D5_IMG4483_福岡機場_離境行李_0032.JPG,move_and_rename,no,否,否,依 D5 日期／行程分類，保留原始 IMG 編號以便回溯
